辛辛那提紅人,1,0,7,1,0,0,3,1,0,13,17,1
匹茲堡海盜,2,0,0,0,2,2,0,0,0,6,8,5
克里夫蘭印地安人,0,0,3,0,0,0,0,0,0,3,6,0
德州遊騎兵,1,0,0,0,0,0,0,0,0,1,7,1
西雅圖水手,0,0,1,0,0,4,3,0,0,8,8,1
科羅拉多落磯山,0,2,0,0,0,1,2,0,0,5,6,1
堪薩斯皇家,0,0,1,0,0,0,0,0,1,2,7,1
亞歷桑那響尾蛇,0,1,0,0,0,0,3,0,x,4,13,0
舊金山巨人,0,0,0,0,0,0,0,0,1,1,3,2
奧克蘭運動家,0,0,3,0,0,0,0,1,x,4,5,1
芝加哥白襪,0,0,0,0,1,2,0,0,7,10,14,1
聖地牙哥教士,1,0,1,0,0,0,0,0,0,2,9,2
洛杉磯道奇,0,0,0,1,0,0,0,0,0,1,7,0
洛杉磯天使,0,0,1,3,0,3,0,1,x,8,15,0
明尼蘇達雙城,1,0,4,0,3,0,0,0,0,8,14,0
華盛頓國民,3,0,1,1,0,0,1,1,1,8,13,1
波士頓紅襪,0,0,0,0,5,0,0,1,1,7,10,1
多倫多藍鳥,0,0,2,0,0,0,2,0,0,4,7,2
紐約洋基,1,0,0,0,0,0,0,0,0,1,4,1
邁阿密馬林魚,1,0,1,0,0,0,0,0,x,2,3,1
多倫多藍鳥,2,0,0,1,0,0,0,2,0,5,7,2
坦帕灣光芒,0,0,1,0,0,0,0,0,2,3,7,1
紐約大都會,0,0,0,0,0,0,0,3,0,3,7,1
堪薩斯皇家,1,0,0,1,0,2,0,0,x,4,9,0
聖路易紅雀,0,0,0,0,0,0,0,0,1,1,5,0
匹茲堡海盜,0,2,0,0,0,1,0,1,x,4,9,1
芝加哥小熊,0,0,1,1,0,2,0,0,0,4,6,2
洛杉磯天使,0,1,0,1,0,0,0,4,x,6,9,0
明尼蘇達雙城,0,0,0,0,0,0,2,0,0,2,7,0
巴爾的摩金鶯,0,0,0,0,2,0,0,0,1,3,10,0
西雅圖水手,1,1,0,0,0,0,0,0,0,2,4,2
德州遊騎兵,0,0,0,0,3,0,0,0,x,3,1,1
多倫多藍鳥,0,0,1,3,1,0,0,0,0,5,7,1
坦帕灣光芒,0,1,0,0,1,1,0,0,0,3,8,0
芝加哥白襪,0,0,4,0,0,0,0,0,0,4,7,1
奧克蘭運動家,0,0,3,0,0,0,0,0,0,3,7,2
芝加哥小熊,1,0,0,2,0,2,1,0,3,9,11,0
洛杉磯天使,0,0,0,0,0,0,0,0,0,0,3,1
舊金山巨人,0,2,2,1,2,0,0,5,0,12,15,0
密爾瓦基釀酒人,1,1,1,0,0,0,0,0,0,3,8,1
華盛頓國民,0,0,1,0,0,0,0,1,1,4,8,0
亞特蘭大勇士,0,0,1,0,0,0,1,0,0,3,4,2
費城費城人,0,2,0,0,0,0,0,0,0,2,6,2
辛辛那提紅人,1,0,0,0,0,0,0,5,x,6,6,0
洛杉磯道奇,2,0,1,0,0,5,3,4,0,15,17,0
聖地牙哥教士,0,0,0,0,0,0,0,0,0,0,4,2
科羅拉多落磯山,0,0,6,1,0,0,0,3,0,10,15,0
亞歷桑那響尾蛇,0,1,0,2,2,0,0,0,0,5,12,0
休士頓太空人,0,0,0,1,0,1,0,3,0,5,6,0
紐約洋基,0,2,0,0,0,0,0,1,0,3,4,1
波士頓紅襪,0,0,2,0,0,2,0,0,2,6,11,0
克里夫蘭印地安人,0,0,0,2,0,0,0,0,0,2,5,1
多倫多藍鳥,0,0,0,2,0,0,0,0,0,2,9,0
坦帕灣光芒,0,0,0,1,0,0,0,2,x,3,7,1
西雅圖水手,0,1,0,1,0,0,2,6,0,10,11,1
德州遊騎兵,0,0,0,2,0,0,0,0,0,2,7,1
芝加哥白襪,0,0,0,0,3,1,0,0,1,5,11,0
奧克蘭運動家,0,0,1,0,1,0,0,2,0,4,10,0
紐約大都會,0,0,0,2,0,0,0,0,0,2,6,0
堪薩斯皇家,0,0,0,0,0,0,0,0,0,0,3,0
底特律老虎,0,0,1,0,0,0,2,0,1,8,12,1
邁阿密馬林魚,0,0,0,3,0,1,3,0,0,7,10,2
芝加哥小熊,0,0,4,0,0,0,2,0,0,6,9,1
洛杉磯天使,0,0,0,0,0,1,0,0,0,1,4,0
聖路易紅雀,2,2,1,0,0,0,0,0,0,5,8,1
匹茲堡海盜,1,0,2,0,0,0,0,0,1,6,12,2
舊金山巨人,0,0,1,1,0,0,0,0,0,2,7,0
密爾瓦基釀酒人,0,1,0,0,0,0,0,0,0,1,6,0
科羅拉多落磯山,0,0,0,6,0,0,0,0,0,6,9,0
亞歷桑那響尾蛇,1,0,1,0,0,3,6,0,x,11,15,0
洛杉磯道奇,0,0,0,3,0,0,0,0,0,3,6,0
聖地牙哥教士,0,0,0,0,0,0,0,0,0,0,2,1
多倫多藍鳥,0,0,3,0,0,0,0,0,0,3,6,0
坦帕灣光芒,0,0,0,1,0,1,0,3,x,5,10,0
西雅圖水手,2,1,0,0,0,0,1,0,5,9,14,0
德州遊騎兵,0,2,0,0,0,3,0,0,0,5,7,0
波士頓紅襪,0,2,0,0,0,4,0,0,0,6,10,1
克里夫蘭印地安人,4,1,0,0,0,1,1,0,x,7,9,0
明尼蘇達雙城,0,0,1,0,0,1,0,0,0,2,5,0
巴爾的摩金鶯,0,1,1,1,1,0,0,0,x,4,9,0
休士頓太空人,1,4,0,0,1,0,0,0,0,6,12,1
紐約洋基,6,3,3,0,0,1,3,0,x,16,17,0
芝加哥白襪,0,0,1,0,0,0,0,0,0,1,6,0
奧克蘭運動家,1,1,0,0,0,0,0,0,x,2,7,0
底特律老虎,0,2,0,0,0,3,0,2,0,7,13,0
邁阿密馬林魚,0,0,0,0,0,2,0,0,1,3,10,1
舊金山巨人,1,1,0,0,0,1,0,0,0,3,6,0
密爾瓦基釀酒人,1,1,1,0,0,0,1,0,x,4,9,2
科羅拉多落磯山,2,0,1,0,0,0,1,0,0,4,8,1
亞歷桑那響尾蛇,0,0,2,0,0,0,0,0,1,3,8,0
聖路易紅雀,0,0,0,0,0,1,0,0,0,1,4,3
匹茲堡海盜,1,0,0,0,3,1,0,0,x,5,9,0
華盛頓國民,0,0,0,0,0,0,3,0,0,3,8,0
亞特蘭大勇士,0,0,0,1,0,0,0,0,0,1,8,1
費城費城人,2,0,0,0,0,0,0,0,0,2,5,0
辛辛那提紅人,1,0,0,0,0,0,0,0,2,3,8,0
洛杉磯道奇,4,0,0,1,0,0,0,1,1,7,11,1
聖地牙哥教士,0,0,0,0,0,0,0,0,0,0,5,0
芝加哥白襪,0,0,0,0,0,2,0,0,4,6,10,1
奧克蘭運動家,0,0,0,0,0,0,0,0,1,1,4,2
休士頓太空人,0,3,0,2,0,0,0,0,0,5,9,1
紐約洋基,0,1,1,2,1,0,3,0,x,8,12,0
明尼蘇達雙城,1,1,0,0,0,0,0,0,0,2,9,0
巴爾的摩金鶯,0,0,0,0,0,1,2,1,x,4,8,1
德州遊騎兵,1,0,1,0,0,0,1,0,0,3,4,0
洛杉磯天使,0,0,1,0,2,0,0,0,1,4,11,1
費城費城人,0,0,1,1,2,0,0,2,0,6,9,1
辛辛那提紅人,0,0,1,8,0,0,1,0,x,10,12,1
邁阿密馬林魚,3,0,1,0,1,0,1,0,0,6,13,1
華盛頓國民,3,0,0,0,0,0,1,0,0,4,6,1
洛杉磯道奇,0,2,1,0,1,0,0,2,0,6,13,1
舊金山巨人,0,0,0,0,3,4,0,5,x,12,17,0
芝加哥小熊,0,2,2,5,0,0,1,0,4,14,14,0
亞歷桑那響尾蛇,3,1,2,0,0,0,0,0,0,6,8,2
紐約洋基,0,0,0,0,0,0,0,0,0,0,3,0
底特律老虎,1,0,0,2,0,0,1,0,x,4,13,0
克里夫蘭印地安人,3,2,0,0,2,0,0,0,0,7,9,0
芝加哥白襪,0,0,0,1,0,0,0,0,0,1,3,1
坦帕灣光芒,1,0,0,0,0,0,0,0,0,1,5,0
巴爾的摩金鶯,0,1,0,1,4,0,0,0,x,6,10,0
波士頓紅襪,0,1,1,0,0,4,2,0,0,8,11,0
多倫多藍鳥,1,0,0,6,0,0,0,0,0,7,9,1
明尼蘇達雙城,0,1,0,0,0,1,0,1,0,3,6,1
堪薩斯皇家,0,2,0,0,0,0,0,2,x,4,9,0
德州遊騎兵,3,0,2,1,0,0,1,0,0,7,10,0
洛杉磯天使,0,1,1,1,0,0,0,0,0,3,7,1
奧克蘭運動家,0,0,0,1,1,0,0,0,1,3,9,2
西雅圖水手,0,0,0,0,2,0,0,0,0,2,4,2
休士頓太空人,0,0,0,0,0,0,0,0,4,4,9,0
密爾瓦基釀酒人,3,1,0,0,0,0,0,2,x,6,7,0
費城費城人,0,0,0,0,0,1,0,1,0,2,8,1
紐約大都會,0,1,0,0,0,2,4,0,x,7,9,1
聖地牙哥教士,0,0,0,6,3,2,0,0,2,13,18,0
科羅拉多落磯山,0,2,0,3,0,0,0,0,1,6,9,0
匹茲堡海盜,0,1,0,0,1,0,0,4,0,6,8,3
辛辛那提紅人,2,0,1,0,0,1,1,0,0,5,6,3
聖路易紅雀,0,0,0,3,0,0,1,1,2,7,11,2
亞特蘭大勇士,0,0,4,0,0,0,0,0,0,4,5,0
芝加哥小熊,0,0,2,0,0,0,0,0,0,2,5,1
亞歷桑那響尾蛇,0,0,0,0,0,1,0,1,1,3,8,0
洛杉磯道奇,0,0,0,2,0,0,0,0,0,2,9,0
舊金山巨人,0,0,0,0,0,0,2,0,1,3,2,0
波士頓紅襪,0,0,3,1,3,1,0,0,0,8,11,1
多倫多藍鳥,2,0,2,0,0,0,0,0,0,4,7,1
紐約洋基,1,1,0,4,2,0,0,0,0,8,13,1
底特律老虎,0,0,0,2,0,0,2,0,0,4,7,1
克里夫蘭印地安人,0,0,0,0,0,2,1,0,0,3,7,3
芝加哥白襪,0,0,1,1,0,0,5,0,x,7,10,1
明尼蘇達雙城,0,0,0,0,0,0,0,0,0,0,7,2
堪薩斯皇家,0,0,0,2,2,3,0,0,x,7,10,0
德州遊騎兵,1,0,0,1,0,0,2,0,0,4,10,0
洛杉磯天使,1,0,0,0,0,0,0,0,0,1,5,2
奧克蘭運動家,2,0,0,0,2,1,0,1,0,6,11,0
西雅圖水手,0,1,0,0,0,0,0,0,0,1,5,0
休士頓太空人,2,0,1,0,3,0,0,0,0,6,9,0
密爾瓦基釀酒人,0,0,1,0,2,1,0,0,0,4,8,2
匹茲堡海盜,0,0,0,0,0,1,0,0,0,1,10,1
辛辛那提紅人,2,0,0,0,1,0,2,0,x,5,8,1
洛杉磯道奇,0,1,0,0,0,0,0,1,1,3,10,0
舊金山巨人,1,0,0,1,0,0,0,0,0,2,5,1
聖路易紅雀,0,2,1,2,2,0,1,2,2,12,14,3
亞特蘭大勇士,0,0,2,0,0,0,0,0,0,2,4,3
費城費城人,0,0,0,0,1,0,0,0,0,1,8,0
紐約大都會,0,0,0,0,0,0,0,0,0,0,3,0
聖地牙哥教士,0,0,1,6,0,3,0,0,6,16,19,1
科羅拉多落磯山,0,0,0,2,0,0,1,0,0,3,8,2
芝加哥小熊,3,0,0,1,0,0,0,0,0,4,10,0
亞歷桑那響尾蛇,0,0,0,1,0,0,1,0,0,2,4,1
波士頓紅襪,0,0,0,0,0,0,0,0,0,0,7,1
多倫多藍鳥,2,0,0,0,0,0,0,1,x,3,7,0
坦帕灣光芒,0,0,0,1,2,0,0,0,0,3,8,0
巴爾的摩金鶯,0,4,0,0,0,0,0,1,x,5,11,1
明尼蘇達雙城,0,0,0,0,2,1,0,0,0,3,11,1
堪薩斯皇家,0,0,0,0,1,0,0,2,1,4,7,2
德州遊騎兵,0,0,0,0,1,0,0,0,0,1,7,1
洛杉磯天使,0,0,2,0,0,0,1,0,x,3,7,0
奧克蘭運動家,0,0,0,0,0,0,1,0,1,2,5,1
西雅圖水手,0,0,0,0,1,0,0,0,0,1,6,0
休士頓太空人,1,0,0,0,1,0,0,0,0,2,3,1
密爾瓦基釀酒人,2,0,0,1,0,0,0,0,x,3,6,1
匹茲堡海盜,0,1,0,0,0,0,0,0,0,1,9,0
辛辛那提紅人,0,0,0,0,0,1,0,0,1,2,10,0
費城費城人,0,0,1,0,0,2,0,1,1,5,9,0
紐約大都會,0,0,0,0,0,2,0,0,0,2,4,0
聖路易紅雀,0,0,4,0,0,1,0,2,5,12,10,1
亞特蘭大勇士,1,0,0,3,1,1,0,0,1,7,11,0
邁阿密馬林魚,1,0,0,0,0,0,0,0,1,2,7,0
華盛頓國民,1,0,0,0,0,0,3,0,x,4,11,0
洛杉磯道奇,5,0,0,1,0,0,0,0,0,6,10,0
舊金山巨人,2,0,3,1,0,3,0,0,x,9,12,0
聖地牙哥教士,0,1,1,0,0,0,0,1,0,3,8,0
科羅拉多落磯山,2,0,0,0,1,0,1,2,x,6,9,1
芝加哥小熊,0,2,0,1,0,1,2,1,0,7,12,0
亞歷桑那響尾蛇,0,0,0,2,1,0,0,0,0,3,8,0
巴爾的摩金鶯,0,0,5,0,0,1,0,0,3,9,9,2
波士頓紅襪,3,0,0,2,0,1,0,0,1,7,11,0
芝加哥白襪,0,1,0,2,0,0,0,0,1,4,9,0
明尼蘇達雙城,0,0,0,1,0,0,0,0,0,1,6,1
堪薩斯皇家,0,0,0,0,0,0,0,2,0,2,11,0
休士頓太空人,3,0,0,3,0,1,0,1,x,8,14,0
洛杉磯天使,0,0,0,0,0,3,0,1,0,4,9,0
奧克蘭運動家,0,0,0,0,0,0,0,0,1,1,10,0
德州遊騎兵,0,1,1,1,0,0,1,3,0,7,14,0
西雅圖水手,1,0,0,0,0,0,0,2,0,3,7,0
匹茲堡海盜,1,2,1,1,2,0,0,0,0,7,17,1
底特律老虎,0,1,0,0,1,2,0,0,0,4,6,0
聖地牙哥教士,0,0,2,1,0,0,1,0,0,4,6,0
費城費城人,0,0,0,1,1,1,0,0,0,3,8,0
密爾瓦基釀酒人,0,0,0,0,0,0,1,0,0,1,6,1
聖路易紅雀,3,2,4,0,0,0,1,0,x,10,19,0
亞特蘭大勇士,2,2,0,0,0,0,0,0,0,4,8,1
華盛頓國民,3,0,1,0,1,0,1,0,x,6,11,0
邁阿密馬林魚,0,7,1,0,0,2,0,0,0,10,15,1
紐約大都會,0,0,0,3,0,0,0,0,0,3,7,0
辛辛那提紅人,1,0,1,1,0,0,0,0,0,3,7,1
芝加哥小熊,0,0,0,0,0,0,2,3,x,5,3,0
紐約洋基,0,1,0,0,0,1,1,0,0,3,7,1
多倫多藍鳥,0,0,2,0,0,0,0,0,0,2,3,1
巴爾的摩金鶯,0,0,0,2,0,3,4,0,0,9,11,0
波士頓紅襪,2,0,0,0,2,0,0,1,0,5,10,0
克里夫蘭印地安人,0,0,0,1,0,0,0,0,0,1,5,0
坦帕灣光芒,0,0,0,0,0,0,1,4,x,5,5,0
堪薩斯皇家,3,0,0,0,0,0,0,0,0,3,7,0
休士頓太空人,2,0,0,0,0,0,0,0,0,2,7,0
洛杉磯天使,0,1,0,0,0,0,0,2,2,5,10,1
奧克蘭運動家,1,0,2,0,0,0,1,0,0,4,7,0
德州遊騎兵,0,0,5,0,0,1,2,0,0,8,12,1
西雅圖水手,0,0,0,0,0,0,0,0,0,0,4,0
匹茲堡海盜,0,0,0,0,0,2,0,0,0,2,5,1
底特律老虎,2,2,0,0,0,3,1,0,x,8,14,1
亞歷桑那響尾蛇,0,0,0,0,0,0,1,1,2,4,9,0
洛杉磯道奇,0,1,0,0,0,0,0,0,1,2,9,1
亞特蘭大勇士,0,0,0,0,0,0,0,0,1,1,6,0
華盛頓國民,0,0,0,0,0,0,0,2,x,2,8,1
聖地牙哥教士,0,0,0,0,0,0,0,0,0,0,4,2
費城費城人,0,0,0,0,0,1,0,2,x,3,4,1
邁阿密馬林魚,0,0,0,1,0,0,0,1,0,2,9,0
紐約大都會,1,0,0,0,0,0,0,0,0,1,6,0
舊金山巨人,0,0,1,0,2,2,0,2,0,7,13,1
科羅拉多落磯山,0,1,0,0,1,0,0,0,0,2,7,0
洛杉磯天使,0,0,1,0,1,0,0,1,2,5,11,1
奧克蘭運動家,0,0,0,0,0,0,0,1,0,1,3,0
德州遊騎兵,0,1,0,0,0,0,1,0,0,2,6,3
西雅圖水手,0,1,0,1,0,0,0,0,2,4,8,1
紐約洋基,0,0,0,0,1,0,0,1,0,2,8,1
多倫多藍鳥,0,1,0,0,2,0,0,4,x,7,10,0
巴爾的摩金鶯,0,0,2,0,0,0,0,0,0,2,9,0
波士頓紅襪,0,0,2,2,0,0,0,0,x,4,8,0
克里夫蘭印地安人,0,0,0,3,0,0,0,1,0,4,5,0
坦帕灣光芒,0,0,0,0,0,0,0,1,0,1,5,2
芝加哥白襪,0,0,0,0,0,1,2,0,0,3,9,0
明尼蘇達雙城,0,0,0,0,0,0,0,0,0,0,4,0
堪薩斯皇家,0,0,0,0,0,2,0,2,0,4,8,1
休士頓太空人,0,0,0,0,0,1,1,0,0,2,6,1
底特律老虎,0,0,0,1,0,4,0,0,2,7,10,0
匹茲堡海盜,2,0,0,0,0,0,0,1,0,3,4,0
邁阿密馬林魚,0,0,0,0,0,0,0,1,0,1,7,0
紐約大都會,0,0,0,0,0,0,2,0,x,2,7,0
亞特蘭大勇士,0,0,0,0,0,0,0,0,0,0,5,0
華盛頓國民,0,0,0,3,0,0,0,0,x,3,4,0
聖地牙哥教士,0,0,0,0,0,0,0,0,1,1,6,3
費城費城人,1,0,1,0,0,0,0,0,x,2,5,1
辛辛那提紅人,1,0,0,0,0,0,1,0,0,2,7,0
芝加哥小熊,5,0,2,2,0,0,0,0,x,9,8,0
密爾瓦基釀酒人,1,0,0,1,2,0,0,0,2,6,9,1
聖路易紅雀,3,0,0,0,0,0,0,1,0,4,6,2
舊金山巨人,0,0,2,0,3,0,0,1,0,6,7,1
科羅拉多落磯山,2,0,3,1,0,1,0,3,x,10,18,0
亞歷桑那響尾蛇,0,0,1,0,0,0,0,0,0,1,5,3
洛杉磯道奇,0,0,0,1,2,0,0,0,x,3,7,0
芝加哥白襪,1,0,0,1,0,0,1,0,0,3,9,1
明尼蘇達雙城,0,0,0,1,0,0,0,0,0,1,4,1
克里夫蘭印地安人,0,0,0,0,1,3,1,0,1,6,13,0
坦帕灣光芒,0,0,0,0,0,0,0,0,0,0,5,2
紐約洋基,0,0,0,2,0,0,0,0,0,2,3,0
多倫多藍鳥,0,0,0,0,3,1,0,0,x,4,8,0
巴爾的摩金鶯,0,0,1,1,0,1,0,0,0,3,9,0
德州遊騎兵,0,0,1,0,0,5,0,0,x,6,10,0
堪薩斯皇家,1,0,0,0,0,5,0,0,0,6,13,0
休士頓太空人,0,0,0,0,0,0,1,0,1,2,5,0
底特律老虎,0,0,0,2,0,0,2,3,0,7,9,2
匹茲堡海盜,0,0,0,0,0,0,3,1,0,4,14,1
聖地牙哥教士,0,0,0,0,0,0,0,0,0,0,3,1
費城費城人,0,1,0,0,0,1,1,0,x,3,3,0
密爾瓦基釀酒人,0,0,0,0,0,0,0,0,0,0,1,0
聖路易紅雀,0,3,2,0,0,0,2,0,x,7,11,0
舊金山巨人,0,0,0,1,0,0,3,2,0,6,9,1
科羅拉多落磯山,0,0,0,0,9,0,0,2,x,11,13,3
亞特蘭大勇士,0,0,1,0,0,0,0,1,0,2,5,0
華盛頓國民,0,0,4,1,0,1,0,0,x,6,6,0
辛辛那提紅人,0,0,0,0,0,0,0,0,1,1,6,2
芝加哥小熊,0,1,0,0,2,0,0,5,x,8,11,0
亞歷桑那響尾蛇,0,0,0,0,1,1,0,0,0,2,6,1
洛杉磯道奇,0,0,0,0,0,0,5,0,x,5,8,0
西雅圖水手,0,0,0,1,2,1,1,1,1,7,12,0
紐約洋基,1,0,0,0,0,0,0,0,0,1,6,1
多倫多藍鳥,0,1,0,0,0,0,2,0,0,3,3,1
波士頓紅襪,3,1,0,0,0,1,0,0,x,5,9,0
芝加哥白襪,0,0,0,0,0,0,0,0,1,1,6,1
坦帕灣光芒,0,0,0,0,0,0,0,0,0,0,2,0
巴爾的摩金鶯,1,0,0,0,0,0,9,1,0,11,13,1
德州遊騎兵,0,5,0,0,0,0,0,0,0,5,6,1
洛杉磯天使,0,0,0,0,0,1,3,0,0,4,9,0
明尼蘇達雙城,0,0,0,0,0,2,2,1,x,5,8,1
底特律老虎,0,0,0,0,0,0,0,0,0,0,5,1
休士頓太空人,1,0,0,0,0,0,0,0,x,1,5,0
堪薩斯皇家,2,0,1,0,0,0,0,0,1,4,12,1
奧克蘭運動家,0,1,0,1,0,0,0,0,0,2,5,1
紐約大都會,1,0,0,0,5,0,0,0,0,6,14,2
克里夫蘭印地安人,1,0,0,0,1,0,0,0,3,5,14,1
科羅拉多落磯山,0,1,0,0,0,2,1,2,0,6,11,1
芝加哥小熊,0,0,0,0,0,0,1,0,0,1,4,4
華盛頓國民,5,0,1,0,1,2,0,0,0,9,16,1
費城費城人,0,0,0,0,0,0,0,0,1,1,4,1
密爾瓦基釀酒人,0,1,1,1,0,2,0,2,1,8,11,2
匹茲堡海盜,0,0,0,0,0,0,4,0,0,4,8,1
亞特蘭大勇士,0,0,0,0,0,0,2,4,0,6,8,2
邁阿密馬林魚,1,0,1,0,1,0,0,0,0,3,12,0
辛辛那提紅人,0,0,3,0,0,0,0,0,0,3,7,3
聖路易紅雀,4,0,3,0,0,1,4,2,x,14,13,0
舊金山巨人,0,0,1,0,0,2,0,0,0,3,5,3
洛杉磯道奇,1,0,1,4,0,1,0,0,x,7,9,1
亞歷桑那響尾蛇,0,1,0,0,0,0,1,0,1,3,8,1
聖地牙哥教士,0,1,0,1,0,0,0,0,0,2,8,1
西雅圖水手,0,0,0,0,3,0,0,0,0,3,10,1
紐約洋基,0,0,1,0,0,0,1,0,0,2,10,1
洛杉磯天使,0,4,0,0,0,0,0,0,0,4,9,0
明尼蘇達雙城,2,0,1,0,1,0,0,2,x,6,10,0
多倫多藍鳥,1,0,0,1,0,0,0,0,0,2,7,0
波士頓紅襪,0,0,4,0,0,0,0,0,x,4,9,0
堪薩斯皇家,1,0,0,1,0,0,0,0,1,3,9,1
奧克蘭運動家,3,1,0,0,0,0,1,0,x,5,10,2
芝加哥白襪,0,0,0,0,0,0,2,0,0,2,7,0
坦帕灣光芒,0,0,1,3,0,0,1,2,x,7,10,0
底特律老虎,0,1,0,0,1,2,0,0,1,5,15,0
休士頓太空人,3,0,0,0,0,0,0,0,0,3,8,1
巴爾的摩金鶯,1,0,1,0,2,0,0,0,0,4,10,1
德州遊騎兵,1,0,0,0,1,0,6,0,x,8,14,0
紐約大都會,1,0,0,0,0,0,0,4,0,5,8,0
克里夫蘭印地安人,0,0,0,0,2,3,2,0,x,7,11,0
辛辛那提紅人,0,0,0,2,2,4,0,0,1,9,15,2
聖路易紅雀,0,4,0,0,0,1,1,0,2,8,10,0
科羅拉多落磯山,0,0,0,0,0,0,0,0,2,2,7,1
芝加哥小熊,0,0,0,2,0,0,3,1,x,6,8,0
華盛頓國民,3,0,0,2,2,0,0,0,1,8,8,0
費城費城人,0,0,0,0,1,0,0,0,0,1,7,1
密爾瓦基釀酒人,0,0,0,0,0,0,0,0,0,0,3,0
匹茲堡海盜,0,0,0,3,1,0,0,1,x,5,8,0
亞特蘭大勇士,0,2,1,3,0,0,0,0,0,6,10,0
邁阿密馬林魚,0,3,0,0,0,1,0,0,0,4,8,1
亞歷桑那響尾蛇,0,1,1,0,0,0,0,0,0,3,11,1
聖地牙哥教士,0,0,0,0,0,0,0,0,2,5,14,2
舊金山巨人,1,0,0,1,2,0,0,0,0,4,8,0
洛杉磯道奇,0,0,0,0,0,0,1,2,0,3,5,0
西雅圖水手,1,0,0,1,1,0,0,0,0,3,6,1
紐約洋基,0,2,1,0,1,0,0,0,x,4,8,1
芝加哥白襪,0,0,1,0,0,0,1,0,0,2,5,1
坦帕灣光芒,1,0,2,0,0,0,0,0,x,3,8,0
多倫多藍鳥,2,0,0,0,0,0,2,0,1,5,14,1
波士頓紅襪,0,0,0,0,1,0,0,0,2,3,4,0
洛杉磯天使,0,0,0,0,0,0,0,0,0,2,4,0
明尼蘇達雙城,1,0,0,0,1,0,0,0,1,3,13,1
底特律老虎,0,0,0,0,3,1,0,0,0,4,8,1
休士頓太空人,2,0,1,2,0,0,0,0,x,5,9,1
堪薩斯皇家,0,1,1,0,0,0,0,0,0,2,6,0
奧克蘭運動家,0,0,0,1,0,0,1,1,x,3,4,1
紐約大都會,3,3,0,0,0,0,0,0,0,6,9,0
克里夫蘭印地安人,0,0,0,0,0,0,0,0,0,0,3,2
亞特蘭大勇士,0,0,0,0,1,0,0,0,1,6,7,0
邁阿密馬林魚,0,0,0,0,3,1,0,1,0,5,7,1
華盛頓國民,0,0,0,0,1,0,0,0,1,2,8,0
費城費城人,1,0,0,0,0,0,0,0,2,3,7,0
密爾瓦基釀酒人,0,0,0,3,0,0,0,0,0,3,6,1
匹茲堡海盜,0,1,5,0,1,0,0,2,x,9,17,0
辛辛那提紅人,1,0,0,2,0,0,0,0,0,3,8,1
聖路易紅雀,0,2,0,0,1,0,0,1,x,4,7,2
科羅拉多落磯山,0,0,0,1,0,0,0,0,1,2,5,0
芝加哥小熊,0,0,0,0,0,0,0,0,0,0,3,1
亞歷桑那響尾蛇,2,0,0,2,0,2,0,1,0,7,11,2
聖地牙哥教士,2,0,1,0,0,0,0,0,0,3,6,0
舊金山巨人,0,0,1,0,0,0,0,0,0,1,5,0
洛杉磯道奇,0,0,0,0,2,0,1,0,x,3,6,0
多倫多藍鳥,0,0,0,0,0,0,0,4,0,4,8,0
波士頓紅襪,0,1,0,0,0,0,0,0,2,3,7,1
洛杉磯天使,5,0,1,0,0,0,0,1,0,7,13,0
芝加哥白襪,0,0,0,0,0,0,0,0,0,0,3,1
密爾瓦基釀酒人,1,0,0,2,1,0,x,x,x,4,6,1
明尼蘇達雙城,0,2,1,2,0,2,x,x,x,7,14,1
紐約大都會,1,0,0,0,0,1,0,2,1,5,10,0
費城費城人,0,0,1,0,0,0,0,0,1,2,7,0
科羅拉多落磯山,0,1,0,0,0,0,0,4,0,5,7,1
辛辛那提紅人,0,0,0,0,0,1,0,0,0,1,4,0
華盛頓國民,0,0,0,0,1,0,0,0,0,1,6,1
邁阿密馬林魚,3,1,0,0,1,0,1,0,x,6,10,0
芝加哥小熊,0,0,0,0,0,1,3,1,0,5,9,0
聖路易紅雀,0,0,0,0,0,0,0,0,0,0,5,1
亞歷桑那響尾蛇,0,1,0,2,0,2,1,0,2,9,16,0
舊金山巨人,0,0,4,0,0,1,0,0,0,7,13,0
西雅圖水手,0,0,0,0,0,1,0,0,1,2,6,0
克里夫蘭印地安人,0,0,1,2,0,0,0,0,x,3,10,0
多倫多藍鳥,0,1,2,0,0,0,1,0,0,4,8,0
巴爾的摩金鶯,0,0,0,1,0,0,2,0,0,3,7,1
奧克蘭運動家,0,0,0,1,0,0,0,0,1,3,11,1
紐約洋基,0,0,1,0,0,0,0,0,0,2,8,0
坦帕灣光芒,0,0,0,0,0,0,0,0,3,3,6,0
波士頓紅襪,0,0,0,0,0,0,0,0,0,0,1,1
底特律老虎,0,0,0,0,2,0,3,1,0,6,10,0
堪薩斯皇家,0,3,2,0,3,0,0,0,x,8,9,1
休士頓太空人,0,2,0,0,0,0,2,0,1,5,8,1
德州遊騎兵,3,0,1,0,0,2,1,0,x,7,12,0
洛杉磯天使,0,0,0,0,0,0,0,0,0,0,3,0
芝加哥白襪,0,1,0,1,0,0,0,3,x,5,9,0
密爾瓦基釀酒人,2,0,0,0,3,0,0,0,1,6,9,1
明尼蘇達雙城,1,1,0,0,0,0,0,3,0,5,8,2
紐約大都會,2,0,3,0,0,1,3,2,0,11,12,0
費城費城人,0,0,0,0,0,0,0,1,0,1,9,1
洛杉磯道奇,0,0,0,0,1,0,0,0,0,1,5,3
亞特蘭大勇士,2,0,2,2,0,0,2,0,x,8,10,0
科羅拉多落磯山,0,1,0,0,0,0,0,0,2,3,5,1
辛辛那提紅人,0,4,0,0,0,0,0,0,x,4,9,0
華盛頓國民,0,0,0,0,0,0,7,0,0,7,10,0
邁阿密馬林魚,0,0,0,0,0,0,0,0,0,0,5,0
芝加哥小熊,0,0,0,2,0,0,0,0,0,2,5,0
聖路易紅雀,0,1,0,0,0,0,0,0,0,1,7,0
匹茲堡海盜,1,0,1,1,0,0,0,1,0,4,11,0
聖地牙哥教士,0,0,0,2,3,0,0,0,x,5,9,2
亞歷桑那響尾蛇,0,0,0,0,3,0,0,0,0,3,8,0
舊金山巨人,0,0,0,0,0,0,0,0,0,0,6,0
洛杉磯天使,0,0,0,0,0,0,0,1,0,1,4,1
芝加哥白襪,1,0,0,0,1,0,0,0,x,2,5,1
西雅圖水手,0,2,0,0,0,0,0,0,0,2,3,1
克里夫蘭印地安人,0,0,1,0,0,0,0,0,0,1,4,1
多倫多藍鳥,0,1,0,1,0,1,0,0,0,3,9,0
巴爾的摩金鶯,0,0,0,0,0,0,0,0,1,4,9,0
奧克蘭運動家,0,0,0,3,0,0,0,2,0,5,11,2
紐約洋基,0,1,0,0,0,0,0,1,0,2,6,1
坦帕灣光芒,0,0,0,0,0,2,1,0,0,3,7,0
波士頓紅襪,3,2,0,0,1,1,0,0,x,7,12,0
底特律老虎,0,0,1,0,0,1,0,0,1,3,9,1
堪薩斯皇家,0,0,0,0,0,0,0,0,2,2,10,0
休士頓太空人,0,0,0,0,0,1,0,0,0,1,7,2
德州遊騎兵,0,2,0,0,0,0,0,0,x,2,6,1
明尼蘇達雙城,0,1,0,0,0,3,0,0,1,5,12,1
密爾瓦基釀酒人,0,0,0,1,3,1,4,1,x,10,13,0
科羅拉多落磯山,0,0,0,2,0,0,0,3,0,5,8,0
辛辛那提紅人,0,3,0,0,0,0,2,0,1,6,9,0
芝加哥小熊,0,0,0,1,0,0,0,2,0,3,5,1
聖路易紅雀,2,2,0,0,0,0,0,1,x,5,9,0
紐約大都會,0,0,2,0,0,0,0,0,0,4,14,0
費城費城人,0,1,0,0,1,0,0,0,1,5,10,0
洛杉磯道奇,0,0,0,1,2,0,0,0,2,5,10,1
亞特蘭大勇士,0,1,2,0,0,0,0,0,0,3,7,2
華盛頓國民,1,0,1,0,1,0,0,0,0,3,7,0
邁阿密馬林魚,0,0,0,0,1,0,0,0,0,1,5,0
匹茲堡海盜,0,0,0,0,0,0,1,1,0,2,8,0
聖地牙哥教士,0,4,3,1,0,0,0,0,x,8,12,1
亞歷桑那響尾蛇,0,0,0,0,0,0,2,0,0,2,7,0
舊金山巨人,0,0,0,0,0,0,1,0,0,1,7,0
西雅圖水手,2,0,3,0,2,0,0,0,3,10,15,1
克里夫蘭印地安人,0,0,0,3,2,0,2,0,0,7,8,0
坦帕灣光芒,1,0,1,6,0,0,0,1,3,12,15,3
波士頓紅襪,5,0,0,0,0,2,1,0,0,8,15,1
洛杉磯天使,0,0,0,0,2,0,0,0,1,3,6,0
芝加哥白襪,0,0,0,0,0,0,1,0,1,2,5,0
多倫多藍鳥,2,0,0,0,0,0,0,0,0,2,4,0
巴爾的摩金鶯,1,0,0,0,0,0,1,1,x,3,10,0
奧克蘭運動家,0,0,0,1,1,0,2,2,1,7,10,1
紐約洋基,0,1,0,1,0,0,1,0,0,3,8,0
底特律老虎,0,0,0,0,0,0,0,0,0,0,5,1
堪薩斯皇家,1,0,0,3,0,0,0,0,x,4,10,1
休士頓太空人,1,0,0,1,0,0,0,2,0,4,7,1
德州遊騎兵,3,1,1,0,1,0,1,0,x,7,14,0
明尼蘇達雙城,2,0,1,0,0,0,1,2,2,8,11,0
密爾瓦基釀酒人,1,0,0,0,0,0,0,0,0,1,5,1
洛杉磯道奇,0,0,0,0,0,0,0,0,1,2,9,1
亞特蘭大勇士,0,0,0,0,0,0,0,0,0,1,11,3
華盛頓國民,1,0,0,0,0,0,0,0,0,1,2,0
邁阿密馬林魚,3,1,0,0,1,0,0,0,x,5,9,0
亞歷桑那響尾蛇,1,0,1,1,0,0,0,0,3,6,10,0
舊金山巨人,0,0,2,0,0,0,0,0,0,2,3,1
芝加哥小熊,2,2,0,1,0,4,4,0,3,16,18,0
辛辛那提紅人,0,0,0,0,0,0,0,0,0,0,0,1
匹茲堡海盜,0,1,0,2,0,0,8,0,0,11,11,0
聖地牙哥教士,0,0,0,0,0,0,0,1,0,1,5,0
坦帕灣光芒,0,2,0,1,0,0,0,0,0,3,9,1
紐約洋基,0,2,0,0,1,1,0,2,x,6,10,1
奧克蘭運動家,1,3,0,0,2,0,0,0,2,8,14,0
多倫多藍鳥,0,0,1,0,0,1,1,2,0,5,8,2
克里夫蘭印地安人,1,0,0,0,0,0,1,0,0,2,6,0
底特律老虎,0,0,0,0,0,1,0,0,0,1,4,0
德州遊騎兵,0,0,0,0,0,0,0,0,0,0,5,1
芝加哥白襪,0,1,1,0,0,3,0,0,x,5,7,0
波士頓紅襪,2,1,1,1,0,0,0,0,1,6,15,1
休士頓太空人,0,0,0,0,0,0,1,0,1,2,6,0
巴爾的摩金鶯,0,0,0,1,0,1,0,0,0,2,5,0
堪薩斯皇家,3,1,0,0,0,0,0,0,x,4,8,0
西雅圖水手,0,0,0,0,0,0,0,0,3,5,10,0
洛杉磯天使,0,0,1,1,0,0,0,0,0,2,6,0
明尼蘇達雙城,0,0,0,1,0,0,2,1,0,4,8,0
華盛頓國民,4,0,3,0,1,0,0,0,x,8,9,1
芝加哥小熊,0,1,0,3,0,0,0,0,4,8,9,0
辛辛那提紅人,0,0,0,0,0,1,0,0,0,1,5,1
紐約大都會,0,4,0,1,0,0,1,0,0,6,10,1
亞特蘭大勇士,0,2,0,0,0,0,1,0,0,3,10,1
費城費城人,0,0,0,1,3,0,1,0,0,5,10,0
密爾瓦基釀酒人,1,0,0,0,0,0,0,0,1,2,6,0
洛杉磯道奇,3,0,0,0,2,0,0,0,0,5,8,0
科羅拉多落磯山,0,1,0,3,0,0,1,2,x,7,9,1
匹茲堡海盜,0,3,2,0,0,0,2,1,0,8,13,1
亞歷桑那響尾蛇,0,1,1,2,0,0,0,3,0,7,15,1
邁阿密馬林魚,0,0,0,1,0,0,0,0,0,1,8,0
舊金山巨人,3,0,0,0,3,2,0,0,x,8,14,1
聖路易紅雀,0,0,0,1,0,0,0,0,0,1,6,1
聖地牙哥教士,1,0,1,1,0,0,1,0,x,4,9,0
坦帕灣光芒,0,0,0,1,1,0,0,0,0,2,6,2
紐約洋基,1,0,0,0,0,0,1,0,1,3,7,0
奧克蘭運動家,1,0,0,1,0,0,1,0,0,3,7,1
多倫多藍鳥,2,3,0,0,1,1,1,1,x,9,13,0
克里夫蘭印地安人,3,0,5,0,0,0,2,0,0,10,15,1
底特律老虎,0,0,0,0,1,0,0,0,0,1,2,1
德州遊騎兵,0,0,0,0,1,0,1,0,0,3,7,0
芝加哥白襪,0,0,0,0,0,2,0,0,1,4,11,1
波士頓紅襪,1,0,0,0,0,1,0,1,0,3,9,0
休士頓太空人,0,1,0,0,4,0,0,3,x,8,12,1
巴爾的摩金鶯,0,2,1,4,0,0,0,0,1,8,14,1
堪薩斯皇家,0,2,0,0,1,0,0,0,0,3,7,0
西雅圖水手,0,1,0,0,0,1,0,0,0,2,6,1
洛杉磯天使,0,0,1,0,0,2,0,1,x,4,7,0
明尼蘇達雙城,0,0,0,0,0,0,0,0,0,0,2,0
華盛頓國民,2,0,0,0,0,0,0,0,x,2,7,0
費城費城人,0,0,3,3,0,1,0,0,3,10,13,0
密爾瓦基釀酒人,1,0,3,0,0,0,0,2,0,6,10,1
紐約大都會,2,0,0,2,0,0,1,0,3,8,15,0
亞特蘭大勇士,0,0,1,0,0,0,1,0,0,2,10,1
芝加哥小熊,0,1,0,0,2,0,2,0,0,5,7,2
辛辛那提紅人,0,0,0,2,0,7,2,2,x,13,15,1
洛杉磯道奇,1,2,0,0,0,1,0,0,0,4,10,1
科羅拉多落磯山,0,0,0,0,0,0,1,0,0,1,6,0
匹茲堡海盜,0,1,0,0,0,0,0,0,0,1,4,1
亞歷桑那響尾蛇,0,1,1,0,0,0,0,5,x,7,7,0
聖路易紅雀,0,0,0,0,0,1,4,3,3,11,16,1
聖地牙哥教士,1,0,0,0,0,1,0,0,0,2,5,0
邁阿密馬林魚,0,0,1,0,0,1,0,0,0,2,8,0
舊金山巨人,2,0,0,2,0,0,2,1,x,7,13,1
坦帕灣光芒,5,0,1,0,1,0,0,1,0,8,12,0
紐約洋基,0,0,0,1,0,0,0,0,0,1,6,0
奧克蘭運動家,0,1,0,0,0,1,1,0,0,3,5,0
多倫多藍鳥,0,0,4,2,0,0,0,0,x,6,11,0
克里夫蘭印地安人,0,0,0,3,3,0,0,0,0,6,11,0
底特律老虎,0,0,0,2,0,0,0,1,0,3,7,0
德州遊騎兵,1,0,0,0,0,0,0,0,0,1,8,0
芝加哥白襪,0,0,1,0,2,0,0,1,x,4,8,1
巴爾的摩金鶯,1,0,0,0,0,0,0,0,0,1,4,1
堪薩斯皇家,0,0,0,1,0,1,4,0,x,6,11,0
西雅圖水手,4,0,0,3,0,0,0,0,2,9,8,0
洛杉磯天使,3,0,0,0,0,0,0,1,0,4,6,3
波士頓紅襪,0,0,0,0,0,0,0,0,2,7,16,1
休士頓太空人,0,0,0,0,0,2,0,0,0,5,11,3
明尼蘇達雙城,3,0,0,0,0,0,0,1,0,5,11,1
華盛頓國民,2,1,0,0,0,0,0,1,1,6,16,0
芝加哥小熊,3,2,3,0,0,1,0,0,0,9,15,0
辛辛那提紅人,0,0,0,0,0,0,0,0,0,0,3,0
紐約大都會,1,0,0,0,0,2,0,0,0,3,7,0
亞特蘭大勇士,0,0,0,0,1,0,0,0,1,2,12,0
費城費城人,0,1,1,0,0,2,1,0,0,5,10,2
密爾瓦基釀酒人,0,0,0,2,0,6,0,0,x,8,12,1
邁阿密馬林魚,0,0,1,1,1,1,0,1,0,5,14,2
舊金山巨人,0,1,0,1,0,2,0,0,0,4,12,0
洛杉磯道奇,0,4,3,0,0,0,0,0,5,12,11,2
科羅拉多落磯山,0,1,0,3,0,1,0,5,0,10,11,1
匹茲堡海盜,0,0,0,0,0,0,0,2,2,12,20,0
亞歷桑那響尾蛇,0,0,0,2,2,0,0,2,0,10,15,2
聖路易紅雀,2,0,0,1,0,2,0,3,0,8,14,2
聖地牙哥教士,0,1,1,1,2,0,0,0,0,5,9,1
芝加哥白襪,1,0,0,0,0,0,5,0,1,7,11,0
多倫多藍鳥,2,0,3,0,0,0,0,0,0,5,14,0
奧克蘭運動家,0,0,0,0,0,1,2,0,0,3,10,0
底特律老虎,1,1,0,0,4,1,0,0,x,7,12,2
巴爾的摩金鶯,0,0,0,0,0,0,0,0,0,0,5,0
坦帕灣光芒,0,0,0,0,1,1,0,0,x,2,5,0
紐約洋基,0,0,2,0,0,1,0,0,0,3,10,1
德州遊騎兵,0,0,0,0,0,0,0,1,0,1,3,0
克里夫蘭印地安人,0,1,0,0,1,0,0,1,0,3,12,0
明尼蘇達雙城,0,0,0,0,3,0,0,0,1,4,5,1
堪薩斯皇家,0,0,0,1,0,0,0,0,0,1,4,0
洛杉磯天使,3,0,1,0,1,0,1,0,x,6,8,1
休士頓太空人,0,1,0,0,0,0,0,1,0,2,10,0
西雅圖水手,0,0,1,1,1,0,0,0,x,3,4,0
波士頓紅襪,0,0,0,0,0,0,1,0,0,1,6,0
亞特蘭大勇士,0,0,0,0,0,0,0,0,0,0,4,2
辛辛那提紅人,0,0,1,0,0,0,2,0,0,3,8,0
紐約大都會,1,0,2,0,0,0,2,0,x,5,10,1
匹茲堡海盜,0,0,0,0,1,0,4,1,0,6,9,0
科羅拉多落磯山,0,0,0,0,0,0,1,0,0,1,9,0
聖路易紅雀,2,0,0,0,3,0,2,0,0,7,11,1
亞歷桑那響尾蛇,0,1,0,1,0,9,0,1,x,12,18,0
邁阿密馬林魚,0,0,0,1,1,1,0,0,0,3,8,1
洛杉磯道奇,0,0,0,2,0,0,0,0,0,2,7,0
聖地牙哥教士,0,0,1,0,0,1,0,2,0,4,11,0
舊金山巨人,0,1,0,2,1,0,1,0,x,5,12,0
芝加哥白襪,0,0,1,0,3,0,3,0,3,10,15,0
多倫多藍鳥,0,0,0,0,0,0,1,0,0,1,4,1
奧克蘭運動家,0,0,0,3,0,0,2,0,0,5,10,0
底特律老虎,0,0,0,0,0,0,0,0,1,1,6,0
巴爾的摩金鶯,0,0,0,1,0,0,0,0,0,1,9,0
坦帕灣光芒,0,0,1,0,0,2,0,0,x,3,7,0
紐約洋基,0,0,0,0,0,0,1,0,0,1,6,0
德州遊騎兵,1,0,5,0,1,1,1,1,x,10,13,0
克里夫蘭印地安人,1,0,1,0,0,2,0,0,1,5,6,0
明尼蘇達雙城,1,1,0,1,1,1,0,0,1,6,14,0
堪薩斯皇家,1,1,0,2,0,0,0,0,0,4,9,1
洛杉磯天使,0,3,0,0,5,0,1,0,x,9,14,0
休士頓太空人,0,0,0,0,0,0,0,1,0,1,3,1
西雅圖水手,0,0,0,1,4,0,4,2,x,11,13,1
波士頓紅襪,4,0,0,0,1,0,1,0,5,11,13,1
亞特蘭大勇士,1,0,0,1,0,0,0,0,2,4,8,0
費城費城人,2,0,0,1,0,0,1,0,0,4,9,1
華盛頓國民,0,1,0,0,2,0,0,0,0,3,7,0
辛辛那提紅人,0,0,1,2,0,0,0,0,0,3,10,0
紐約大都會,0,0,0,0,0,0,4,0,x,4,8,1
密爾瓦基釀酒人,0,1,0,0,0,0,0,2,0,3,4,1
芝加哥小熊,0,0,0,0,1,2,1,0,x,4,7,0
匹茲堡海盜,3,1,0,0,0,4,0,0,1,9,12,1
科羅拉多落磯山,0,1,0,1,1,1,0,0,0,4,8,0
聖路易紅雀,0,0,0,0,5,0,3,0,0,8,11,0
亞歷桑那響尾蛇,0,0,0,0,0,0,0,0,2,2,5,0
邁阿密馬林魚,0,0,0,0,0,5,0,1,0,6,11,1
洛杉磯道奇,2,0,0,1,0,0,0,0,0,3,6,0
聖地牙哥教士,0,0,0,0,0,0,0,0,0,0,7,0
舊金山巨人,0,0,0,0,1,0,0,0,x,1,4,0
芝加哥白襪,0,0,0,0,0,0,3,1,0,4,7,0
多倫多藍鳥,0,0,0,0,0,0,0,0,0,0,4,0
奧克蘭運動家,0,0,0,1,0,0,2,1,0,4,8,2
底特律老虎,0,4,0,1,0,3,0,1,x,9,9,0
巴爾的摩金鶯,0,0,0,0,3,0,0,0,0,3,3,0
坦帕灣光芒,0,0,0,0,0,0,0,0,1,1,4,0
紐約洋基,0,1,0,1,0,0,0,0,0,2,7,0
德州遊騎兵,0,1,1,0,0,1,0,0,x,3,5,0
克里夫蘭印地安人,0,0,2,0,4,0,0,0,0,6,10,2
明尼蘇達雙城,3,0,0,0,1,1,0,0,0,5,9,2
堪薩斯皇家,2,0,0,0,0,0,0,0,0,2,10,0
洛杉磯天使,0,0,0,2,0,1,1,0,x,4,5,0
休士頓太空人,1,0,2,0,2,0,2,0,0,7,9,0
西雅圖水手,1,0,1,0,0,1,0,0,1,4,10,1
亞特蘭大勇士,0,1,1,0,0,0,0,1,1,4,6,0
波士頓紅襪,2,4,0,2,0,0,0,1,x,9,11,1
聖地牙哥教士,0,0,4,0,0,1,3,0,1,9,9,1
舊金山巨人,3,0,3,4,2,1,0,0,x,13,16,0
費城費城人,0,0,0,0,0,1,1,1,0,3,7,0
華盛頓國民,0,0,0,0,0,0,0,0,0,0,2,1
辛辛那提紅人,1,0,0,0,1,0,0,0,0,2,7,3
紐約大都會,2,0,1,0,0,2,0,0,x,5,5,2
匹茲堡海盜,3,0,0,1,0,0,0,0,1,9,15,0
科羅拉多落磯山,4,0,1,2,1,0,0,0,0,8,18,0
聖路易紅雀,1,0,0,0,1,5,3,0,1,11,14,1
亞歷桑那響尾蛇,0,2,0,1,0,1,0,0,0,4,10,1
邁阿密馬林魚,2,0,0,0,0,0,0,0,0,2,8,0
洛杉磯道奇,0,0,0,0,0,0,0,0,0,0,2,0
奧克蘭運動家,0,0,1,1,0,0,0,0,1,3,6,0
底特律老虎,0,0,4,3,0,0,0,0,x,7,11,0
芝加哥白襪,2,0,0,0,0,0,0,0,0,2,10,1
巴爾的摩金鶯,1,0,4,0,0,5,0,0,x,10,15,0
亞特蘭大勇士,0,3,0,1,0,1,0,0,0,5,12,2
波士頓紅襪,1,0,1,0,0,0,0,0,1,3,10,0
密爾瓦基釀酒人,0,0,0,0,1,0,0,0,1,2,6,2
芝加哥小熊,2,1,2,0,1,1,0,0,x,7,8,2
費城費城人,0,0,0,0,0,0,0,0,3,3,6,0
華盛頓國民,0,0,0,0,0,0,0,0,0,0,4,0
聖路易紅雀,0,0,0,0,0,0,0,0,0,0,3,0
亞歷桑那響尾蛇,0,2,0,1,0,0,0,0,x,3,6,1
邁阿密馬林魚,0,1,0,0,0,0,3,1,0,5,9,1
洛杉磯道奇,2,0,0,0,0,0,0,0,1,3,8,0
芝加哥白襪,0,1,0,0,0,1,1,0,0,3,6,2
巴爾的摩金鶯,0,0,0,0,3,0,3,0,x,6,8,0
紐約洋基,0,1,0,0,1,0,0,0,0,2,6,1
波士頓紅襪,0,0,0,0,0,0,2,2,x,4,8,0
多倫多藍鳥,0,0,1,0,0,1,0,3,1,6,7,0
坦帕灣光芒,0,0,0,0,0,0,0,1,0,1,9,0
洛杉磯天使,0,0,1,1,0,0,0,0,0,2,10,0
德州遊騎兵,0,0,0,0,1,3,0,0,x,4,8,0
底特律老虎,3,0,0,0,1,0,0,3,2,9,18,0
明尼蘇達雙城,0,0,0,1,1,0,0,0,0,2,7,0
休士頓太空人,0,1,0,0,0,3,0,0,0,4,7,1
奧克蘭運動家,0,2,0,0,0,0,0,2,3,7,11,0
堪薩斯皇家,0,0,0,0,0,0,0,0,0,0,6,0
西雅圖水手,0,0,0,0,0,1,0,0,x,1,1,2
克里夫蘭印地安人,0,0,3,0,0,0,0,0,0,3,6,1
費城費城人,0,0,3,0,0,0,0,0,1,4,10,0
亞特蘭大勇士,0,0,0,1,0,0,0,0,0,1,7,0
芝加哥小熊,0,0,0,0,1,0,0,5,x,6,7,0
辛辛那提紅人,0,0,0,0,0,0,0,0,1,1,6,0
匹茲堡海盜,0,0,1,1,0,0,2,0,x,4,7,0
舊金山巨人,0,0,0,0,0,0,1,0,0,1,9,0
紐約大都會,0,0,12,0,0,0,1,0,x,13,12,1
邁阿密馬林魚,3,0,1,0,0,1,0,0,1,6,10,2
密爾瓦基釀酒人,0,0,0,0,0,0,0,0,3,3,4,0
華盛頓國民,1,0,0,4,0,0,0,0,0,5,7,1
聖路易紅雀,2,0,0,0,0,0,0,2,0,4,10,0
科羅拉多落磯山,0,0,0,2,3,0,0,3,1,9,12,0
亞歷桑那響尾蛇,0,0,0,0,0,0,0,0,0,0,5,0
聖地牙哥教士,0,0,0,1,0,0,0,3,1,5,9,0
洛杉磯道奇,0,0,0,0,0,1,0,0,0,1,6,1
底特律老虎,3,0,0,0,0,1,0,0,0,4,6,1
明尼蘇達雙城,0,0,0,1,0,0,0,0,0,1,7,2
休士頓太空人,0,0,0,0,0,0,0,0,0,0,4,0
奧克蘭運動家,0,2,0,0,0,0,0,0,x,2,5,0
多倫多藍鳥,0,0,2,0,0,0,1,0,0,3,3,1
坦帕灣光芒,0,0,1,0,0,1,1,0,1,4,9,1
芝加哥白襪,0,0,2,1,0,0,1,3,1,8,10,2
巴爾的摩金鶯,1,0,0,2,1,1,0,2,0,7,14,2
紐約洋基,0,0,0,0,0,0,0,0,0,0,5,0
波士頓紅襪,0,2,0,0,0,2,4,0,x,8,14,1
洛杉磯天使,0,0,0,0,0,0,0,0,2,2,9,2
德州遊騎兵,1,0,6,0,0,0,0,0,x,7,12,0
堪薩斯皇家,0,0,0,0,0,0,0,0,0,0,5,0
西雅圖水手,4,0,0,1,0,1,0,0,x,6,7,0
克里夫蘭印地安人,0,0,1,0,2,0,0,0,0,3,9,0
費城費城人,2,1,0,0,0,0,1,0,x,4,7,0
華盛頓國民,4,0,0,0,0,0,0,2,0,6,6,1
聖路易紅雀,0,0,0,0,1,0,0,0,0,1,8,3
舊金山巨人,0,0,3,0,0,0,0,2,0,5,6,0
紐約大都會,2,2,0,0,1,1,0,0,x,6,8,1
辛辛那提紅人,0,0,0,0,1,0,0,0,0,1,6,0
匹茲堡海盜,1,0,0,0,2,0,0,2,x,5,10,2
邁阿密馬林魚,1,1,2,1,1,1,0,0,0,7,14,0
密爾瓦基釀酒人,1,0,0,0,0,0,4,0,0,5,7,1
科羅拉多落磯山,0,0,2,0,0,0,0,0,3,5,13,0
亞歷桑那響尾蛇,0,0,0,0,0,2,0,0,0,2,5,1
聖地牙哥教士,0,0,2,0,3,0,0,0,0,5,9,0
洛杉磯道奇,0,0,2,0,0,0,0,0,0,2,4,0
多倫多藍鳥,0,0,0,1,0,0,0,0,4,5,5,0
坦帕灣光芒,0,0,0,0,0,1,0,0,0,1,4,1
芝加哥白襪,0,0,0,1,5,0,0,0,1,7,13,0
巴爾的摩金鶯,0,0,0,0,0,1,0,0,0,1,8,0
底特律老虎,0,1,0,0,1,3,0,1,0,6,14,0
明尼蘇達雙城,2,0,0,0,3,0,0,0,0,5,11,0
洛杉磯天使,0,0,1,0,3,1,0,3,1,9,15,1
德州遊騎兵,0,1,0,3,0,0,0,0,2,6,13,0
休士頓太空人,1,0,1,0,0,0,0,0,0,2,2,0
奧克蘭運動家,0,0,0,0,0,0,1,0,0,1,8,0
堪薩斯皇家,0,1,1,0,1,0,0,1,0,4,11,0
西雅圖水手,0,0,0,0,0,1,0,0,0,1,8,1
紐約洋基,0,0,3,0,3,0,0,1,0,7,9,2
波士頓紅襪,1,0,3,0,2,0,2,0,x,8,14,0
克里夫蘭印地安人,0,0,0,0,0,0,0,0,1,1,4,0
費城費城人,0,0,2,0,0,0,0,0,x,2,4,2
舊金山巨人,0,0,0,3,0,1,1,1,0,6,8,0
紐約大都會,0,0,0,0,0,0,1,0,0,1,10,0
辛辛那提紅人,0,0,0,3,0,1,1,0,1,6,8,0
匹茲堡海盜,0,0,1,0,2,1,1,0,0,5,9,4
邁阿密馬林魚,0,0,1,0,3,1,0,0,0,5,16,1
密爾瓦基釀酒人,2,0,7,2,0,0,0,3,x,14,18,0
華盛頓國民,0,0,0,0,0,1,3,1,1,6,11,0
聖路易紅雀,0,0,0,0,0,0,0,0,1,1,6,0
亞特蘭大勇士,0,0,0,1,2,0,0,0,1,4,5,1
芝加哥小熊,0,0,0,0,0,0,2,1,0,3,6,1
聖地牙哥教士,0,0,0,0,0,0,0,0,0,0,3,1
洛杉磯道奇,0,0,1,0,0,0,0,0,x,1,3,0
科羅拉多落磯山,0,0,0,3,1,0,2,0,0,6,7,1
亞歷桑那響尾蛇,1,0,0,0,0,2,0,0,0,3,11,0
德州遊騎兵,0,0,1,0,0,0,0,1,0,2,7,0
多倫多藍鳥,0,0,1,0,0,0,0,0,0,1,7,0
明尼蘇達雙城,0,0,0,3,2,1,0,0,0,6,8,0
休士頓太空人,0,1,0,0,1,0,0,0,0,2,5,0
西雅圖水手,0,0,0,1,0,2,1,0,0,4,12,0
奧克蘭運動家,0,1,0,0,0,0,2,0,0,3,6,1
洛杉磯天使,1,0,0,0,0,1,0,2,1,5,11,1
密爾瓦基釀酒人,0,0,0,0,4,4,0,0,x,8,14,0
華盛頓國民,2,0,0,0,0,0,0,0,0,2,9,0
堪薩斯皇家,0,0,0,0,0,0,0,0,0,0,5,0
芝加哥小熊,0,0,2,0,4,0,1,0,0,7,11,0
匹茲堡海盜,1,0,0,0,1,0,0,0,0,2,7,2
舊金山巨人,0,3,0,0,0,0,5,0,1,9,14,0
辛辛那提紅人,0,0,6,0,0,0,0,0,0,6,8,0
亞特蘭大勇士,0,0,0,0,0,0,0,0,1,1,9,0
紐約大都會,4,0,0,0,0,0,0,0,x,4,8,0
費城費城人,0,0,3,0,0,0,0,0,0,3,8,1
聖路易紅雀,0,0,0,3,0,3,3,1,x,10,14,0
科羅拉多落磯山,0,0,0,1,0,0,0,0,0,1,9,0
聖地牙哥教士,2,0,0,0,0,0,0,0,x,2,6,0
底特律老虎,0,0,0,0,2,0,0,1,0,3,12,0
克里夫蘭印地安人,3,0,1,0,3,0,0,0,x,7,10,0
紐約洋基,0,1,0,0,0,0,0,0,0,1,7,2
巴爾的摩金鶯,0,1,0,1,2,0,0,0,x,4,5,0
德州遊騎兵,0,0,0,0,0,0,0,0,0,1,6,0
多倫多藍鳥,0,0,0,0,0,0,0,1,2,3,9,1
波士頓紅襪,0,0,0,0,1,0,0,0,0,1,4,0
芝加哥白襪,1,0,1,0,0,0,0,2,x,4,5,0
明尼蘇達雙城,1,0,1,0,1,1,0,0,0,4,7,0
休士頓太空人,0,0,3,3,0,0,0,0,x,6,5,1
西雅圖水手,0,0,2,1,0,0,1,4,0,8,13,0
奧克蘭運動家,0,0,0,0,0,1,0,0,1,2,6,0
洛杉磯道奇,0,3,0,0,4,0,0,0,3,10,13,0
坦帕灣光芒,1,0,0,2,1,0,0,0,1,5,8,1
洛杉磯天使,1,0,3,0,0,0,0,0,0,4,9,0
密爾瓦基釀酒人,0,0,2,0,3,0,0,0,x,5,7,0
華盛頓國民,1,0,0,1,0,3,0,1,0,6,12,0
堪薩斯皇家,0,0,3,0,0,0,0,1,3,7,11,0
芝加哥小熊,0,2,0,4,0,0,0,0,1,7,11,1
匹茲堡海盜,0,0,0,0,0,0,0,1,0,1,3,0
舊金山巨人,1,0,0,0,0,0,0,2,0,3,10,0
辛辛那提紅人,0,0,0,0,1,0,0,0,0,1,3,0
亞特蘭大勇士,0,0,0,0,1,2,0,0,0,3,8,1
紐約大都會,0,0,0,0,0,0,0,0,0,0,1,0
亞歷桑那響尾蛇,0,2,0,0,0,2,0,0,0,4,9,1
邁阿密馬林魚,1,0,0,0,0,4,1,1,x,7,8,0
費城費城人,0,0,0,0,0,1,0,0,0,1,5,0
聖路易紅雀,0,0,0,0,0,0,0,0,0,0,3,0
科羅拉多落磯山,2,1,0,0,0,0,0,0,0,3,5,0
聖地牙哥教士,0,0,0,2,0,3,1,0,x,6,9,0
西雅圖水手,0,0,0,0,4,2,3,0,0,9,16,2
奧克蘭運動家,0,0,1,1,6,0,0,0,0,8,11,2
底特律老虎,0,0,0,0,0,0,0,0,0,0,5,0
克里夫蘭印地安人,0,0,0,4,0,0,0,0,x,4,5,0
紐約洋基,0,0,0,0,0,3,0,4,0,7,10,0
巴爾的摩金鶯,0,0,0,0,0,0,0,0,0,0,7,1
德州遊騎兵,2,1,0,0,0,0,0,0,0,3,8,0
多倫多藍鳥,1,0,0,0,0,2,0,0,1,4,7,0
波士頓紅襪,0,0,1,0,2,0,1,1,0,5,11,0
芝加哥白襪,2,0,0,0,0,0,0,0,0,2,3,0
明尼蘇達雙城,0,0,3,1,0,0,0,0,0,4,9,1
休士頓太空人,3,3,2,1,5,0,0,2,x,16,14,0
洛杉磯天使,0,0,2,0,0,0,0,4,1,7,12,0
密爾瓦基釀酒人,0,1,0,0,1,1,0,0,0,3,9,0
華盛頓國民,6,0,4,1,1,1,0,0,0,13,16,1
堪薩斯皇家,0,2,0,0,0,0,0,0,0,2,5,3
洛杉磯道奇,0,0,0,1,0,1,0,3,0,5,8,1
坦帕灣光芒,1,0,0,1,0,3,3,0,x,8,10,0
舊金山巨人,0,1,0,1,0,0,1,0,1,4,9,1
辛辛那提紅人,0,5,1,0,0,1,0,0,x,7,10,0
芝加哥小熊,0,0,3,0,1,0,1,0,1,6,13,0
匹茲堡海盜,0,0,0,0,0,0,2,0,0,2,11,0
亞特蘭大勇士,0,0,0,0,0,0,0,0,0,0,3,0
紐約大都會,0,2,4,0,2,0,0,0,x,8,8,0
科羅拉多落磯山,0,0,0,0,1,0,0,0,1,2,8,0
聖地牙哥教士,0,0,0,0,0,0,0,0,0,0,3,1
亞歷桑那響尾蛇,0,0,0,1,2,0,0,0,0,3,9,1
邁阿密馬林魚,0,1,3,0,0,0,0,0,x,4,8,0
費城費城人,0,0,0,3,1,0,0,0,0,4,6,0
聖路易紅雀,0,0,0,0,3,0,0,0,2,5,10,0
底特律老虎,0,0,0,3,0,0,0,0,1,4,5,1
克里夫蘭印地安人,4,0,0,1,0,0,0,4,x,9,16,1
紐約洋基,0,0,0,0,0,0,0,0,0,0,4,0
巴爾的摩金鶯,0,0,0,0,0,0,0,0,1,1,7,0
德州遊騎兵,1,0,0,0,0,0,0,0,1,2,9,0
多倫多藍鳥,5,0,6,0,0,0,0,1,x,12,15,1
波士頓紅襪,1,1,2,0,0,1,0,2,0,7,12,0
芝加哥白襪,1,0,0,1,1,0,0,0,0,3,8,0
西雅圖水手,0,0,1,0,0,0,2,0,3,6,12,0
休士頓太空人,1,0,0,0,0,1,1,0,0,3,8,0
費城費城人,0,0,0,0,0,0,0,0,0,0,5,0
聖路易紅雀,1,0,0,0,0,0,3,0,x,4,7,1
密爾瓦基釀酒人,0,0,0,0,1,0,0,2,2,5,10,1
辛辛那提紅人,5,2,0,0,0,0,0,2,x,9,9,0
亞歷桑那響尾蛇,0,0,0,0,0,0,0,0,0,0,5,0
邁阿密馬林魚,0,1,0,1,0,0,0,2,x,4,9,0
華盛頓國民,0,0,0,0,0,0,0,0,2,2,3,0
芝加哥小熊,0,0,0,2,0,0,0,3,x,5,8,0
紐約大都會,0,0,0,0,0,0,0,0,3,3,4,1
聖地牙哥教士,1,1,1,0,0,2,0,0,x,5,11,0
科羅拉多落磯山,3,1,0,0,13,0,0,0,0,17,17,0
舊金山巨人,2,1,0,0,4,0,0,0,0,7,16,2
波士頓紅襪,2,0,0,0,0,0,0,0,0,2,13,0
紐約洋基,1,1,0,0,0,0,1,0,x,3,6,0
堪薩斯皇家,0,0,0,0,0,0,0,0,1,1,9,0
克里夫蘭印地安人,1,0,4,0,2,0,0,0,x,7,9,0
德州遊騎兵,0,2,0,0,1,0,0,0,2,5,10,1
底特律老虎,0,0,0,0,0,0,0,0,1,1,2,0
明尼蘇達雙城,0,1,0,2,1,0,0,0,0,4,7,1
芝加哥白襪,2,2,1,0,2,0,3,0,x,10,14,0
西雅圖水手,0,0,0,0,0,0,3,0,0,3,5,1
休士頓太空人,1,2,0,0,2,0,1,0,x,6,8,0
坦帕灣光芒,4,0,1,0,0,0,0,0,0,5,11,1
洛杉磯天使,0,0,0,0,0,0,1,1,0,2,8,0
洛杉磯道奇,0,0,0,0,0,0,2,0,0,2,10,0
多倫多藍鳥,0,0,0,0,0,2,0,3,x,5,5,0
華盛頓國民,1,1,0,0,0,0,0,4,0,6,9,0
芝加哥小熊,0,2,2,0,3,1,0,0,x,8,9,0
密爾瓦基釀酒人,0,0,0,0,1,0,0,0,0,1,8,0
辛辛那提紅人,1,1,3,0,0,0,0,0,x,5,6,0
費城費城人,0,0,1,2,1,0,0,0,0,4,12,1
邁阿密馬林魚,2,2,0,0,0,0,0,2,x,6,10,0
亞歷桑那響尾蛇,0,1,2,0,0,1,0,1,2,7,10,1
亞特蘭大勇士,0,0,0,0,0,2,0,0,0,2,10,2
匹茲堡海盜,0,1,0,0,0,2,0,1,0,4,8,1
聖路易紅雀,0,0,0,0,0,0,2,0,0,2,7,0
科羅拉多落磯山,0,4,0,0,0,0,0,0,0,4,8,0
舊金山巨人,0,3,0,0,2,0,1,0,x,6,9,1
紐約大都會,0,0,0,0,0,0,0,0,0,0,3,0
聖地牙哥教士,1,0,0,0,1,0,0,0,x,2,8,0
波士頓紅襪,0,1,0,0,1,0,0,0,0,2,6,0
紐約洋基,0,0,1,3,2,1,0,1,x,8,11,1
奧克蘭運動家,0,1,1,0,1,3,0,2,0,8,15,1
巴爾的摩金鶯,0,0,0,0,0,1,0,0,3,4,7,0
德州遊騎兵,2,0,0,0,0,5,2,0,1,10,10,0
底特律老虎,0,1,2,2,0,0,0,0,0,5,11,0
堪薩斯皇家,3,0,0,0,1,0,0,3,0,7,12,0
克里夫蘭印地安人,0,0,0,0,0,0,0,0,0,0,6,0
奧克蘭運動家,0,0,0,0,2,0,0,0,0,2,9,1
巴爾的摩金鶯,0,0,4,1,0,0,0,0,x,5,8,0
明尼蘇達雙城,2,0,0,0,0,0,0,0,0,2,4,0
芝加哥白襪,0,1,1,1,0,0,3,1,x,7,13,0
西雅圖水手,1,1,0,0,0,0,0,0,1,3,11,0
休士頓太空人,0,0,0,0,1,0,0,1,0,2,8,1
坦帕灣光芒,0,0,0,0,0,2,0,0,2,4,8,1
洛杉磯天使,0,0,0,0,2,0,0,0,0,2,7,2
洛杉磯道奇,0,1,3,0,0,0,0,1,1,6,7,0
多倫多藍鳥,0,1,0,0,1,0,0,0,0,2,9,2
匹茲堡海盜,2,0,0,0,0,0,1,0,1,4,11,0
聖路易紅雀,2,0,1,0,0,0,0,1,2,6,9,1
華盛頓國民,0,0,1,0,2,1,1,0,0,5,6,0
芝加哥小熊,0,0,1,1,0,3,2,1,x,8,11,1
科羅拉多落磯山,0,0,0,0,0,1,0,0,0,1,12,0
舊金山巨人,0,0,0,0,0,1,0,0,1,2,7,0
亞歷桑那響尾蛇,0,0,2,0,0,1,0,0,1,4,10,0
亞特蘭大勇士,1,1,0,0,0,0,0,0,0,2,4,1
密爾瓦基釀酒人,0,0,1,1,3,0,1,0,7,13,15,2
辛辛那提紅人,2,1,0,2,0,0,0,0,1,7,11,3
費城費城人,0,0,0,1,0,0,0,3,0,4,5,0
邁阿密馬林魚,0,1,0,1,0,1,0,0,0,3,10,1
紐約大都會,2,2,0,0,0,0,0,0,2,6,9,0
聖地牙哥教士,0,0,3,0,0,0,0,0,0,3,8,0
堪薩斯皇家,0,0,0,3,0,0,1,0,0,4,9,2
克里夫蘭印地安人,1,0,0,1,3,0,0,0,x,5,8,0
德州遊騎兵,0,0,0,0,0,0,0,7,1,8,12,0
底特律老虎,0,0,2,0,0,0,0,0,1,3,6,1
奧克蘭運動家,3,0,0,0,0,0,0,0,0,3,7,0
巴爾的摩金鶯,2,2,2,1,0,0,0,4,x,11,12,1
明尼蘇達雙城,0,0,1,0,0,0,0,0,0,1,7,0
芝加哥白襪,0,0,0,1,1,0,1,0,x,3,6,0
西雅圖水手,0,0,0,1,0,0,0,0,0,1,5,2
休士頓太空人,0,1,2,0,0,0,2,0,x,5,9,0
坦帕灣光芒,0,0,2,0,1,0,0,0,0,3,7,0
洛杉磯天使,1,0,0,0,0,0,0,0,0,1,5,0
波士頓紅襪,2,0,0,1,0,0,1,1,0,5,7,0
紐約洋基,0,0,0,0,0,0,0,0,1,1,3,1
洛杉磯道奇,0,0,0,0,0,0,1,2,1,4,8,1
多倫多藍鳥,0,0,1,0,0,0,1,0,0,2,5,1
密爾瓦基釀酒人,1,0,0,0,1,1,1,1,0,5,7,0
辛辛那提紅人,0,0,3,1,0,0,0,0,0,4,6,0
費城費城人,0,0,0,0,0,3,1,2,0,6,10,1
邁阿密馬林魚,0,0,0,3,0,0,2,0,0,5,10,1
亞歷桑那響尾蛇,0,0,1,0,1,1,0,0,2,5,9,0
亞特蘭大勇士,0,0,0,0,0,3,0,0,0,3,11,0
匹茲堡海盜,0,0,0,0,3,1,4,0,2,10,14,0
聖路易紅雀,0,0,1,0,0,1,3,0,0,5,10,0
華盛頓國民,1,0,0,0,0,0,0,0,0,3,11,1
芝加哥小熊,0,0,2,0,0,0,0,0,1,4,14,1
科羅拉多落磯山,1,0,1,0,0,0,0,0,0,2,9,0
舊金山巨人,0,0,0,0,0,0,0,0,0,0,6,0
紐約大都會,0,2,1,0,0,1,0,0,0,4,11,0
聖地牙哥教士,0,0,0,0,2,0,1,0,0,3,8,2
堪薩斯皇家,0,1,0,0,0,0,0,1,1,3,10,0
紐約洋基,1,1,3,0,0,0,1,0,x,6,9,1
奧克蘭運動家,1,2,1,0,0,0,1,0,2,7,11,0
波士頓紅襪,0,1,0,6,2,4,1,0,x,14,15,1
芝加哥白襪,0,0,1,0,1,1,0,0,4,8,15,0
德州遊騎兵,0,0,1,0,2,1,0,0,0,4,9,2
克里夫蘭印地安人,0,0,0,0,0,1,0,0,0,1,3,1
休士頓太空人,0,0,5,0,0,1,0,1,x,7,8,1
坦帕灣光芒,0,0,0,1,1,0,0,0,0,2,4,1
西雅圖水手,0,0,1,0,1,3,0,0,x,5,9,0
底特律老虎,2,0,0,0,2,0,0,0,0,4,7,1
華盛頓國民,0,0,0,1,0,2,1,0,1,5,7,0
多倫多藍鳥,1,0,2,0,0,0,0,0,0,3,7,0
舊金山巨人,0,0,0,0,0,1,0,0,0,1,4,0
匹茲堡海盜,0,0,0,0,0,2,0,0,0,2,5,0
辛辛那提紅人,1,0,0,0,0,1,1,0,x,3,9,0
密爾瓦基釀酒人,0,0,0,0,0,0,0,0,1,1,5,3
邁阿密馬林魚,0,1,0,0,0,1,1,1,x,4,12,1
亞歷桑那響尾蛇,1,0,0,0,5,0,2,0,2,10,12,1
科羅拉多落磯山,1,0,0,3,0,0,0,0,1,5,13,0
紐約大都會,1,1,1,0,0,1,0,0,0,4,8,2
洛杉磯道奇,0,0,0,2,0,0,0,0,0,2,6,1
堪薩斯皇家,0,2,1,0,3,0,0,1,0,7,9,1
紐約洋基,1,1,3,0,0,0,2,3,x,10,13,0
奧克蘭運動家,0,0,0,0,0,4,1,0,0,5,15,2
波士頓紅襪,3,0,5,0,3,0,2,0,x,13,16,1
芝加哥白襪,1,0,4,5,0,0,0,1,0,11,13,0
德州遊騎兵,2,0,3,0,0,0,1,7,x,13,17,1
巴爾的摩金鶯,0,0,0,1,2,0,0,0,2,5,14,0
明尼蘇達雙城,1,0,0,0,0,2,0,0,0,3,6,1
克里夫蘭印地安人,0,2,0,0,0,0,0,2,0,4,8,0
休士頓太空人,0,0,0,0,0,0,0,0,0,0,4,0
坦帕灣光芒,0,1,0,1,0,1,1,0,0,4,6,1
西雅圖水手,3,0,0,3,0,0,0,0,x,6,11,0
底特律老虎,0,0,0,2,0,3,0,0,0,5,9,0
華盛頓國民,0,1,0,0,2,0,1,0,0,4,11,0
聖路易紅雀,1,1,0,0,4,2,0,0,0,8,14,1
洛杉磯天使,0,0,0,0,0,0,0,1,0,1,7,1
多倫多藍鳥,0,1,0,0,0,0,1,0,2,4,9,1
舊金山巨人,0,0,0,0,0,0,0,0,0,0,6,0
費城費城人,0,0,0,1,1,0,0,1,0,3,9,0
亞特蘭大勇士,0,0,0,1,0,0,0,0,1,2,6,1
密爾瓦基釀酒人,1,0,0,3,1,3,0,0,2,10,12,0
邁阿密馬林魚,0,1,1,0,0,0,0,0,0,2,8,2
聖地牙哥教士,0,0,0,1,2,0,0,4,0,7,8,0
芝加哥小熊,0,1,4,1,0,0,2,0,x,8,12,1
亞歷桑那響尾蛇,0,0,0,0,0,4,1,0,0,5,14,1
科羅拉多落磯山,0,0,0,0,0,0,0,1,0,1,4,0
紐約大都會,0,2,0,0,0,0,0,0,0,2,5,0
洛杉磯道奇,2,0,0,0,0,0,0,0,1,3,10,1
巴爾的摩金鶯,0,2,0,3,0,1,1,0,2,9,16,0
明尼蘇達雙城,0,1,0,0,1,0,0,0,0,2,8,0
芝加哥白襪,0,0,1,3,0,1,0,0,0,5,11,0
德州遊騎兵,0,0,2,0,2,2,0,0,x,6,10,2
克里夫蘭印地安人,0,1,0,0,0,0,0,0,0,3,14,0
休士頓太空人,0,0,0,0,0,0,0,0,2,5,10,1
坦帕灣光芒,0,0,0,4,0,0,1,0,0,5,10,0
西雅圖水手,1,0,0,0,1,0,0,0,1,6,8,0
堪薩斯皇家,4,0,0,0,0,2,1,0,0,7,9,0
紐約洋基,0,2,0,0,1,0,0,0,0,3,7,0
奧克蘭運動家,0,1,2,0,0,0,0,0,0,3,8,0
波士頓紅襪,0,3,1,2,4,1,0,2,x,13,17,0
多倫多藍鳥,0,0,0,2,1,0,0,0,0,4,11,2
舊金山巨人,2,0,0,0,0,0,0,0,1,5,12,2
底特律老虎,0,0,1,0,0,0,0,0,1,2,6,0
華盛頓國民,1,0,0,0,0,1,1,0,x,3,9,0
聖路易紅雀,0,4,0,0,0,0,1,0,0,5,9,1
洛杉磯天使,0,0,0,2,0,0,0,0,0,2,4,1
聖地牙哥教士,2,0,0,0,0,0,4,1,0,7,10,2
芝加哥小熊,1,1,0,2,0,0,0,0,0,4,9,3
亞歷桑那響尾蛇,0,0,0,0,0,1,3,3,0,7,13,1
科羅拉多落磯山,0,0,2,3,0,2,0,1,x,8,14,0
費城費城人,0,0,0,0,1,0,0,0,0,1,4,2
亞特蘭大勇士,1,1,1,0,1,0,0,1,x,5,10,0
匹茲堡海盜,0,0,0,1,1,0,1,1,1,5,6,0
辛辛那提紅人,1,0,0,2,1,0,0,0,0,4,6,1
密爾瓦基釀酒人,0,0,0,0,0,0,2,0,0,2,8,0
邁阿密馬林魚,0,0,0,0,3,0,0,0,x,3,5,0
聖地牙哥教士,0,0,0,0,1,0,0,0,0,1,3,1
芝加哥小熊,0,0,0,0,0,0,0,0,0,0,4,0
紐約大都會,0,0,1,0,3,0,0,0,0,4,8,1
洛杉磯道奇,0,0,1,1,0,0,0,0,1,3,7,0
底特律老虎,1,0,0,2,0,2,0,0,0,5,13,0
巴爾的摩金鶯,0,0,0,0,0,2,5,0,x,7,12,1
堪薩斯皇家,0,0,0,2,1,0,0,0,0,3,9,0
紐約洋基,1,2,0,2,0,0,2,0,x,7,7,0
休士頓太空人,0,1,0,0,0,0,0,0,0,1,7,1
波士頓紅襪,2,1,2,0,0,3,1,2,x,11,14,1
聖路易紅雀,0,0,0,3,5,2,0,0,2,12,18,1
洛杉磯天使,0,0,2,3,2,0,0,0,3,10,15,2
費城費城人,0,0,3,0,0,0,0,0,3,7,10,0
亞特蘭大勇士,0,0,0,0,0,4,0,0,0,4,8,1
聖地牙哥教士,0,0,0,1,0,0,1,0,1,3,7,0
密爾瓦基釀酒人,0,0,0,0,0,0,0,0,0,0,8,0
舊金山巨人,0,0,0,2,2,0,0,0,0,4,8,0
亞歷桑那響尾蛇,1,0,0,0,0,1,0,0,0,2,10,0
紐約大都會,0,0,0,0,0,0,0,0,0,0,3,0
洛杉磯道奇,4,1,0,0,0,0,0,0,x,5,8,0
底特律老虎,0,0,0,0,0,0,0,0,0,0,6,0
巴爾的摩金鶯,0,0,0,0,0,1,0,0,x,1,4,0
芝加哥白襪,0,3,4,0,0,0,0,0,0,7,9,0
紐約洋基,0,1,0,0,0,0,0,0,0,1,6,0
休士頓太空人,1,0,0,0,4,2,0,0,0,7,13,0
波士頓紅襪,0,5,0,0,0,1,0,0,0,6,11,0
明尼蘇達雙城,1,1,2,0,0,0,0,1,1,6,8,1
克里夫蘭印地安人,0,2,1,0,0,1,0,3,x,7,8,2
奧克蘭運動家,4,0,0,1,0,1,0,0,0,6,11,1
坦帕灣光芒,2,0,0,0,1,0,0,0,0,3,5,0
多倫多藍鳥,0,0,0,0,0,1,1,3,0,5,9,0
德州遊騎兵,0,0,0,0,0,0,0,0,0,0,3,1
洛杉磯天使,0,0,0,1,0,0,2,2,2,7,13,0
西雅圖水手,0,0,0,1,1,3,1,0,0,6,10,0
亞特蘭大勇士,0,0,0,0,0,0,1,0,0,1,7,2
堪薩斯皇家,1,1,0,0,0,0,0,3,x,5,7,1
匹茲堡海盜,0,0,0,0,0,2,0,0,2,4,11,0
芝加哥小熊,0,0,0,3,5,0,0,1,x,9,11,1
邁阿密馬林魚,0,0,0,0,2,0,0,1,0,3,8,0
華盛頓國民,0,0,0,0,0,2,2,1,x,5,9,2
辛辛那提紅人,0,2,0,0,0,0,0,0,0,2,4,0
費城費城人,0,0,0,3,0,0,0,0,x,3,7,1
聖地牙哥教士,0,0,0,0,0,0,0,0,0,0,3,0
密爾瓦基釀酒人,1,0,0,0,0,0,0,0,x,1,7,2
紐約大都會,0,2,0,0,0,0,0,0,0,2,6,0
科羅拉多落磯山,0,0,0,2,1,2,0,0,x,5,12,0
舊金山巨人,0,0,0,0,0,3,0,0,0,3,8,0
亞歷桑那響尾蛇,0,0,0,0,1,0,0,0,0,1,8,0
聖路易紅雀,1,0,0,1,1,1,0,0,0,4,9,4
洛杉磯道奇,0,3,1,2,1,1,0,0,x,8,11,1
休士頓太空人,0,0,0,0,0,0,0,0,0,5,11,0
波士頓紅襪,1,1,0,0,0,0,1,0,1,6,14,0
芝加哥白襪,0,0,0,1,0,0,0,0,0,1,5,0
紐約洋基,0,2,0,0,0,0,0,0,x,2,5,0
明尼蘇達雙城,0,0,0,0,2,1,1,0,2,6,11,0
克里夫蘭印地安人,0,0,0,1,0,0,0,1,1,3,7,0
奧克蘭運動家,0,0,0,0,0,0,0,0,0,0,2,1
坦帕灣光芒,0,0,2,0,0,2,0,2,x,6,8,0
底特律老虎,0,0,0,0,0,2,0,1,0,3,5,1
巴爾的摩金鶯,0,0,0,0,0,3,1,5,x,9,11,0
多倫多藍鳥,0,1,0,1,0,0,0,3,0,5,10,0
德州遊騎兵,4,0,0,0,1,0,0,0,1,6,9,1
洛杉磯天使,0,0,0,0,0,1,5,0,3,9,13,0
西雅圖水手,0,2,0,0,0,0,0,5,0,7,11,1
亞特蘭大勇士,0,0,0,0,0,3,0,2,0,5,11,1
堪薩斯皇家,0,0,0,0,0,0,0,0,0,0,8,0
邁阿密馬林魚,1,0,0,0,1,1,1,0,0,4,8,3
華盛頓國民,3,0,0,0,1,1,0,1,x,6,9,1
匹茲堡海盜,0,0,0,2,0,0,0,0,0,2,3,1
芝加哥小熊,0,0,0,3,0,3,0,2,x,8,11,0
辛辛那提紅人,1,0,0,0,0,0,1,0,1,3,7,0
費城費城人,0,0,0,1,2,0,1,0,x,4,10,1
邁阿密馬林魚,0,2,1,0,4,0,0,0,0,7,11,0
華盛頓國民,0,0,0,1,0,0,0,0,0,1,5,0
聖地牙哥教士,0,2,0,0,0,0,0,0,2,8,13,4
密爾瓦基釀酒人,0,0,0,2,2,0,0,0,1,7,10,0
紐約大都會,0,1,0,1,0,2,0,0,0,4,13,1
科羅拉多落磯山,1,1,5,0,0,0,0,0,x,7,12,1
舊金山巨人,1,0,0,2,0,0,0,0,2,5,12,1
亞歷桑那響尾蛇,0,1,0,0,0,0,1,1,0,3,8,0
聖路易紅雀,0,0,0,0,1,0,0,0,2,3,5,1
洛杉磯道奇,0,0,0,1,3,0,1,0,x,5,6,2
芝加哥白襪,0,1,1,2,0,0,1,0,0,5,12,2
紐約洋基,1,0,2,0,0,2,1,1,x,7,10,0
明尼蘇達雙城,0,2,0,0,0,0,1,0,2,5,7,0
克里夫蘭印地安人,0,0,0,0,0,0,0,1,0,1,9,1
奧克蘭運動家,1,0,0,0,3,0,1,0,2,7,12,1
坦帕灣光芒,1,3,0,1,1,0,0,0,0,6,6,0
底特律老虎,1,1,0,1,1,0,0,2,0,6,13,1
巴爾的摩金鶯,3,0,0,0,2,0,0,0,0,5,7,0
休士頓太空人,0,3,1,0,2,3,0,0,0,9,8,2
波士頓紅襪,2,4,2,0,0,0,2,0,x,10,14,3
多倫多藍鳥,0,1,0,0,0,4,1,0,0,6,12,0
德州遊騎兵,0,0,1,0,1,1,4,0,x,7,9,1
洛杉磯天使,0,0,0,0,1,0,0,2,0,3,9,0
西雅圖水手,0,0,0,0,0,0,0,0,0,0,2,0
亞特蘭大勇士,0,0,0,0,2,0,0,0,0,2,10,0
堪薩斯皇家,0,0,0,1,0,0,0,0,2,4,12,1
邁阿密馬林魚,0,0,2,0,0,3,0,0,0,5,9,1
華盛頓國民,0,0,0,1,0,0,0,0,0,1,7,2
辛辛那提紅人,0,2,0,5,0,0,0,0,2,9,14,1
費城費城人,0,0,0,0,0,2,0,1,1,4,12,2
聖地牙哥教士,0,0,0,1,0,0,1,0,0,2,7,0
密爾瓦基釀酒人,0,0,1,0,1,0,1,0,x,3,11,0
匹茲堡海盜,0,0,0,0,0,0,1,0,1,2,5,0
芝加哥小熊,0,0,0,0,0,0,0,0,1,1,4,0
紐約大都會,0,1,2,0,0,0,0,0,0,3,8,0
科羅拉多落磯山,0,1,0,0,0,1,2,0,x,4,6,0
舊金山巨人,0,0,1,0,0,0,0,0,1,2,4,1
亞歷桑那響尾蛇,0,0,0,1,0,0,0,0,0,1,8,0
聖路易紅雀,0,0,1,0,0,0,3,1,0,5,7,0
洛杉磯道奇,0,0,1,0,0,0,0,1,0,2,6,0
坦帕灣光芒,2,3,4,2,0,0,0,1,1,13,17,0
多倫多藍鳥,0,0,0,0,1,0,0,1,0,2,8,1
明尼蘇達雙城,0,2,1,4,0,0,1,0,0,8,11,0
底特律老虎,8,0,0,0,0,0,1,1,x,10,14,3
德州遊騎兵,0,0,0,0,0,0,1,0,0,1,4,1
奧克蘭運動家,0,0,0,2,0,0,1,0,x,3,4,0
辛辛那提紅人,1,1,2,0,2,0,0,0,0,6,12,2
克里夫蘭印地安人,0,0,4,3,0,5,2,1,x,15,19,1
紐約洋基,0,0,0,1,1,0,0,0,0,2,8,2
亞歷桑那響尾蛇,1,1,0,0,5,1,1,3,x,12,15,1
洛杉磯天使,0,0,4,0,0,0,3,0,0,7,12,1
洛杉磯道奇,0,2,0,1,0,0,1,2,0,6,9,0
邁阿密馬林魚,0,1,0,0,1,1,2,0,0,5,10,1
費城費城人,0,0,0,1,0,0,1,0,1,3,10,1
亞特蘭大勇士,0,0,0,0,0,2,0,3,0,5,9,0
匹茲堡海盜,3,0,2,0,1,0,2,0,x,8,14,1
西雅圖水手,2,0,0,0,5,3,0,0,0,10,12,1
巴爾的摩金鶯,0,0,0,0,0,0,0,0,0,0,2,1
坦帕灣光芒,1,3,1,0,2,0,3,0,2,12,17,0
多倫多藍鳥,2,0,0,0,0,0,0,0,0,2,5,2
明尼蘇達雙城,0,0,0,0,1,1,0,0,0,2,7,0
底特律老虎,0,0,0,0,0,0,7,0,x,7,10,0
休士頓太空人,0,1,0,1,0,1,0,0,2,6,11,0
芝加哥白襪,0,1,2,0,0,0,1,0,1,5,11,2
波士頓紅襪,0,1,0,0,0,3,0,0,0,4,8,2
堪薩斯皇家,0,0,2,3,0,0,0,3,x,8,11,0
德州遊騎兵,0,0,0,3,0,0,0,0,2,5,15,0
奧克蘭運動家,0,2,0,0,0,1,1,0,4,8,12,2
辛辛那提紅人,0,0,0,0,0,0,1,0,0,1,5,0
克里夫蘭印地安人,0,4,3,0,5,1,0,0,x,13,17,0
紐約洋基,0,1,0,0,0,0,0,2,0,3,6,2
亞歷桑那響尾蛇,0,1,2,0,2,0,0,0,x,5,10,0
洛杉磯天使,0,1,0,0,0,0,0,0,0,1,4,1
洛杉磯道奇,0,0,1,2,0,0,1,1,x,5,13,0
邁阿密馬林魚,0,0,0,0,0,0,0,0,1,1,8,1
費城費城人,0,1,0,0,1,1,0,0,x,3,6,0
亞特蘭大勇士,0,0,3,0,2,1,3,0,0,9,15,3
匹茲堡海盜,7,2,0,0,2,0,1,0,x,12,21,1
華盛頓國民,0,0,0,0,0,0,0,0,0,0,5,0
紐約大都會,1,0,1,0,0,0,0,0,x,2,4,0
芝加哥小熊,0,0,0,0,0,0,0,0,2,2,3,0
密爾瓦基釀酒人,0,0,0,1,0,3,0,0,x,4,5,0
科羅拉多落磯山,0,0,1,2,0,0,0,0,0,3,7,0
聖路易紅雀,0,0,0,0,0,0,1,0,0,1,6,1
舊金山巨人,0,3,0,0,0,1,0,1,0,5,10,1
聖地牙哥教士,0,0,0,0,0,0,0,0,1,1,5,1
明尼蘇達雙城,0,0,0,0,0,0,1,2,0,3,7,3
底特律老虎,1,0,2,1,0,1,1,0,x,6,13,0
波士頓紅襪,0,0,0,1,1,0,0,0,0,2,9,0
堪薩斯皇家,2,0,0,0,0,1,0,0,x,3,5,0
德州遊騎兵,0,0,0,0,0,1,0,0,0,1,4,0
奧克蘭運動家,3,0,0,0,0,1,0,4,x,8,12,0
西雅圖水手,0,0,1,1,0,0,0,0,0,2,7,1
巴爾的摩金鶯,0,2,0,1,1,0,0,1,x,5,8,0
坦帕灣光芒,0,0,0,2,1,2,0,0,1,6,10,0
多倫多藍鳥,0,1,0,0,1,0,0,1,0,3,4,1
休士頓太空人,1,1,0,1,1,1,0,0,0,5,13,0
芝加哥白襪,1,0,0,0,0,1,1,0,0,3,10,0
波士頓紅襪,0,1,1,0,0,2,0,1,0,5,10,0
堪薩斯皇家,0,0,0,1,0,0,0,1,0,2,6,0
克里夫蘭印地安人,0,0,2,1,0,2,0,0,1,8,10,0
辛辛那提紅人,1,0,5,0,1,0,0,0,0,7,10,2
紐約洋基,2,0,0,0,0,1,0,0,1,4,11,0
亞歷桑那響尾蛇,1,0,0,0,0,0,0,1,0,2,2,0
洛杉磯道奇,0,0,0,1,0,0,0,0,0,1,8,2
洛杉磯天使,1,0,0,0,5,2,0,0,x,8,12,0
邁阿密馬林魚,2,0,0,0,0,0,0,0,0,2,6,1
費城費城人,0,0,3,0,0,0,0,1,x,4,8,0
亞特蘭大勇士,0,0,1,0,0,1,0,0,1,3,10,0
匹茲堡海盜,0,0,0,0,0,0,0,0,1,1,6,0
華盛頓國民,0,0,1,0,2,0,2,0,2,7,8,0
紐約大都會,0,0,0,1,0,0,0,0,0,1,6,0
芝加哥小熊,0,0,0,0,1,0,0,0,1,2,10,1
密爾瓦基釀酒人,1,0,0,0,0,0,0,0,0,1,6,1
科羅拉多落磯山,0,0,0,0,0,0,0,0,0,0,6,1
聖路易紅雀,0,0,2,0,0,0,0,0,x,2,7,1
舊金山巨人,0,0,0,2,0,0,0,0,0,2,4,0
聖地牙哥教士,0,1,0,0,0,0,0,0,0,1,4,1
西雅圖水手,1,0,0,0,1,3,0,0,2,7,9,0
巴爾的摩金鶯,0,1,0,0,0,0,0,1,0,2,6,1
休士頓太空人,0,0,0,0,0,0,0,1,0,1,4,0
芝加哥白襪,0,1,0,0,0,0,1,0,x,2,5,0
多倫多藍鳥,0,0,0,2,0,0,0,0,1,3,9,1
明尼蘇達雙城,1,0,0,0,0,0,0,0,0,2,4,0
紐約洋基,0,0,1,0,0,1,0,0,2,4,10,0
奧克蘭運動家,0,0,0,1,0,0,0,0,0,1,6,1
克里夫蘭印地安人,0,0,0,2,4,1,0,0,0,7,10,1
辛辛那提紅人,0,0,0,2,0,0,0,0,0,2,5,2
洛杉磯道奇,1,0,2,0,1,0,0,0,0,4,6,0
洛杉磯天使,1,0,1,0,3,2,0,0,x,7,11,0
芝加哥小熊,1,1,0,0,0,0,1,0,0,3,6,1
密爾瓦基釀酒人,0,1,0,1,0,2,0,1,x,5,8,0
亞特蘭大勇士,0,0,0,1,0,1,0,0,0,2,7,0
匹茲堡海盜,2,3,0,0,1,2,0,0,x,8,11,0
華盛頓國民,2,0,7,0,0,0,0,0,0,9,11,0
紐約大都會,0,1,0,0,0,0,0,0,0,1,6,1
科羅拉多落磯山,0,0,2,4,0,0,1,0,0,7,9,0
聖路易紅雀,3,1,0,6,0,0,0,3,x,13,12,0
舊金山巨人,1,0,0,1,0,0,1,0,0,3,9,0
聖地牙哥教士,0,1,0,0,0,0,0,0,0,1,4,1
克里夫蘭印地安人,0,0,4,0,0,0,0,0,0,4,8,1
波士頓紅襪,1,1,0,0,0,0,0,0,0,2,6,1
坦帕灣光芒,3,0,0,0,0,3,0,1,0,7,8,2
底特律老虎,0,1,2,0,0,1,1,0,0,5,11,1
堪薩斯皇家,0,0,0,0,0,3,1,0,0,4,12,1
芝加哥白襪,0,1,0,0,0,0,0,0,0,1,6,1
多倫多藍鳥,0,0,2,0,0,5,1,1,0,9,14,2
明尼蘇達雙城,0,1,0,0,0,0,1,0,1,3,10,0
德州遊騎兵,0,0,2,0,0,0,0,0,0,2,5,0
休士頓太空人,0,0,0,0,0,0,0,0,1,1,6,0
紐約洋基,0,0,0,5,0,1,0,0,2,8,13,1
奧克蘭運動家,0,1,0,0,0,0,1,0,1,3,6,3
巴爾的摩金鶯,2,0,2,0,0,0,2,2,1,9,14,1
洛杉磯天使,0,1,0,0,0,3,0,0,0,4,7,1
西雅圖水手,0,0,0,0,0,1,4,1,2,8,10,0
辛辛那提紅人,1,0,1,1,0,0,0,0,0,3,8,0
亞特蘭大勇士,0,0,2,0,0,0,3,0,2,7,8,0
費城費城人,1,0,0,0,0,0,0,0,0,1,6,2
科羅拉多落磯山,0,0,0,0,0,1,0,0,0,1,12,1
匹茲堡海盜,1,0,0,0,0,1,0,0,x,2,8,0
密爾瓦基釀酒人,2,0,0,0,0,0,0,0,0,2,3,0
紐約大都會,0,1,0,0,0,2,0,0,x,3,7,0
華盛頓國民,0,4,0,0,0,0,0,0,0,4,8,0
邁阿密馬林魚,0,0,0,1,0,0,0,0,0,1,9,0
亞歷桑那響尾蛇,2,0,0,0,2,0,0,5,2,11,15,2
聖路易紅雀,1,0,0,0,0,0,1,0,5,7,11,1
芝加哥小熊,0,5,0,0,0,0,0,2,1,8,11,0
舊金山巨人,0,0,1,0,0,0,0,0,0,1,6,0
洛杉磯道奇,0,0,1,1,2,0,0,2,0,6,11,0
聖地牙哥教士,0,2,0,0,1,2,0,0,2,7,7,0
堪薩斯皇家,1,0,0,0,0,1,0,0,0,2,8,1
芝加哥白襪,0,0,0,0,0,0,1,0,0,1,7,0
多倫多藍鳥,0,0,2,0,0,0,0,0,1,3,6,0
明尼蘇達雙城,0,0,0,0,0,0,0,5,x,5,4,0
克里夫蘭印地安人,0,0,0,0,0,0,0,0,1,1,2,0
波士頓紅襪,0,0,3,1,0,0,5,0,x,9,13,2
紐約洋基,0,0,0,4,0,0,1,0,0,5,8,0
奧克蘭運動家,0,0,0,0,1,0,0,0,0,1,6,1
坦帕灣光芒,0,0,0,0,0,1,0,3,0,4,6,0
底特律老虎,0,0,1,0,0,0,4,0,x,5,8,0
德州遊騎兵,0,1,1,0,0,0,0,0,0,2,6,0
休士頓太空人,0,0,1,0,0,0,0,0,0,1,3,0
巴爾的摩金鶯,0,0,0,0,0,0,0,0,3,3,5,0
洛杉磯天使,0,0,0,0,0,0,1,0,0,1,9,0
西雅圖水手,0,1,0,3,0,0,0,0,0,4,6,0
辛辛那提紅人,0,0,0,0,0,0,0,0,0,0,4,1
亞特蘭大勇士,0,0,0,2,0,0,0,0,0,2,6,0
費城費城人,0,0,0,0,0,0,0,0,0,0,2,0
科羅拉多落磯山,1,0,0,0,0,0,0,0,4,5,6,1
匹茲堡海盜,0,0,0,1,0,0,0,0,0,1,9,3
亞歷桑那響尾蛇,0,0,0,0,0,0,0,0,2,2,8,1
聖路易紅雀,0,2,0,0,0,1,3,0,x,6,10,1
密爾瓦基釀酒人,0,2,0,2,0,0,0,0,0,4,7,0
紐約大都會,1,0,0,1,0,2,0,0,1,5,9,0
芝加哥小熊,0,0,1,0,0,0,0,1,1,3,10,0
舊金山巨人,0,2,3,0,0,0,0,0,x,5,9,0
華盛頓國民,0,0,0,1,0,0,0,0,1,2,8,1
邁阿密馬林魚,0,0,0,0,1,2,0,0,x,3,10,0
洛杉磯道奇,0,0,0,0,2,0,0,0,0,2,4,1
聖地牙哥教士,0,0,0,1,1,0,0,0,1,3,5,0
坦帕灣光芒,0,2,0,0,0,0,2,0,0,4,10,0
底特律老虎,2,1,3,0,0,0,1,2,x,9,13,0
克里夫蘭印地安人,0,2,0,0,0,0,0,0,0,2,6,0
波士頓紅襪,2,1,0,0,1,1,0,0,x,5,12,0
堪薩斯皇家,0,1,0,0,0,1,0,0,0,2,8,0
芝加哥白襪,0,0,0,1,2,0,0,0,x,3,7,0
多倫多藍鳥,3,0,0,0,0,0,0,0,0,3,9,0
明尼蘇達雙城,0,1,0,0,0,0,0,0,0,1,3,1
德州遊騎兵,0,0,5,1,0,1,2,0,0,9,13,1
休士頓太空人,0,0,1,0,0,1,0,0,0,2,5,0
巴爾的摩金鶯,0,0,0,0,0,0,2,0,0,2,5,1
洛杉磯天使,0,1,5,0,0,0,4,0,x,10,13,0
紐約洋基,0,1,1,0,0,2,1,0,0,5,10,2
奧克蘭運動家,1,0,0,0,2,0,0,1,0,4,6,1
西雅圖水手,0,0,2,0,3,0,0,0,0,5,12,0
辛辛那提紅人,3,0,0,1,0,0,0,0,0,4,8,2
密爾瓦基釀酒人,1,0,0,0,0,0,0,0,0,1,8,0
紐約大都會,1,0,0,2,0,0,0,0,x,3,6,1
華盛頓國民,1,0,2,0,0,3,0,0,2,8,10,0
邁阿密馬林魚,0,0,0,0,0,0,2,0,0,2,6,1
亞特蘭大勇士,0,0,0,0,0,0,0,0,0,0,6,0
費城費城人,0,2,0,1,0,2,0,0,x,5,13,0
亞歷桑那響尾蛇,3,1,1,0,0,2,0,0,0,7,13,0
聖路易紅雀,0,0,0,1,0,0,0,0,1,2,6,1
洛杉磯道奇,0,0,0,0,0,0,0,0,4,9,16,1
聖地牙哥教士,0,0,0,0,0,0,0,0,0,5,9,0
芝加哥小熊,0,0,0,0,0,0,0,0,0,0,3,0
舊金山巨人,0,0,0,0,1,0,0,0,x,1,4,0
克里夫蘭印地安人,0,1,0,0,2,0,0,3,0,6,7,2
芝加哥白襪,1,0,1,1,3,0,1,0,x,7,10,0
洛杉磯天使,0,0,2,0,0,0,0,0,0,2,9,1
德州遊騎兵,0,0,0,0,0,0,0,0,0,0,7,0
堪薩斯皇家,1,1,4,2,0,0,0,0,2,10,17,1
明尼蘇達雙城,2,0,0,0,0,1,0,1,0,4,12,1
克里夫蘭印地安人,0,1,0,0,2,0,2,0,0,5,7,1
芝加哥白襪,0,0,1,0,0,0,0,0,0,1,6,0
奧克蘭運動家,0,0,0,0,0,0,1,4,0,5,7,0
西雅圖水手,0,0,0,0,0,0,0,0,0,0,9,2
費城費城人,0,0,1,1,1,1,0,0,0,4,12,1
底特律老虎,0,0,1,0,3,0,1,0,x,5,12,1
坦帕灣光芒,2,1,0,0,0,2,1,0,0,6,12,0
邁阿密馬林魚,3,0,1,1,0,0,0,2,x,7,14,0
科羅拉多落磯山,0,0,0,0,2,0,0,0,1,3,7,1
匹茲堡海盜,0,2,4,0,0,0,0,0,x,6,7,0
紐約大都會,0,0,5,0,2,0,0,0,0,7,11,0
華盛頓國民,1,0,0,0,0,0,0,0,0,1,6,0
芝加哥小熊,0,0,0,2,1,0,0,0,0,3,9,1
聖路易紅雀,0,0,1,0,0,0,2,0,1,4,5,0
辛辛那提紅人,0,0,0,0,0,0,0,0,0,0,2,3
洛杉磯道奇,0,0,0,0,0,1,0,0,x,1,5,0
聖地牙哥教士,0,0,0,0,0,0,0,0,0,0,2,1
舊金山巨人,0,0,0,0,0,0,0,0,1,1,5,0
多倫多藍鳥,0,0,0,0,0,0,0,0,0,0,2,0
紐約洋基,1,0,0,1,0,0,2,2,x,6,8,0
洛杉磯天使,0,0,0,0,0,0,0,1,0,1,7,0
德州遊騎兵,0,0,0,1,0,2,0,1,x,4,7,0
克里夫蘭印地安人,0,0,3,3,0,0,0,0,0,6,10,0
芝加哥白襪,1,0,0,1,0,0,0,0,0,2,6,0
堪薩斯皇家,0,2,1,3,0,1,0,0,0,7,13,1
明尼蘇達雙城,0,1,0,2,1,0,0,0,0,4,7,2
巴爾的摩金鶯,1,1,0,0,0,0,0,0,0,2,8,0
休士頓太空人,2,0,0,0,0,0,0,0,1,3,8,1
奧克蘭運動家,0,0,1,0,0,4,0,0,0,5,9,0
西雅圖水手,1,0,1,0,0,0,0,2,2,6,11,0
坦帕灣光芒,0,1,0,2,0,0,1,0,0,4,9,2
邁阿密馬林魚,0,0,0,0,0,2,0,1,0,3,8,1
科羅拉多落磯山,0,1,1,0,0,0,1,0,0,3,6,1
波士頓紅襪,2,2,0,3,0,0,0,1,x,8,12,0
費城費城人,0,0,0,0,0,0,0,0,1,1,5,0
底特律老虎,1,0,0,0,0,2,0,0,x,3,7,0
紐約大都會,0,0,0,1,0,0,1,0,2,4,5,0
華盛頓國民,0,0,0,2,3,0,1,1,x,7,11,0
亞歷桑那響尾蛇,0,0,0,0,0,1,0,0,0,1,6,2
匹茲堡海盜,3,0,3,0,0,3,3,0,x,12,17,0
密爾瓦基釀酒人,0,0,0,1,0,0,0,1,0,2,4,1
亞特蘭大勇士,0,0,0,0,1,0,0,0,0,1,5,0
芝加哥小熊,6,0,0,0,2,0,0,0,4,12,15,1
聖路易紅雀,0,0,0,0,0,0,0,1,2,3,7,2
辛辛那提紅人,0,0,0,2,0,0,0,0,0,2,3,3
洛杉磯道奇,1,0,0,2,0,2,0,3,x,8,11,0
聖地牙哥教士,0,0,0,0,0,1,0,0,1,2,9,1
舊金山巨人,0,0,1,0,0,2,0,5,x,8,9,1
堪薩斯皇家,0,0,0,5,0,0,0,0,0,5,11,2
明尼蘇達雙城,2,1,0,1,2,0,1,0,x,7,12,0
洛杉磯天使,1,3,0,0,1,1,0,3,0,9,14,2
德州遊騎兵,1,3,3,0,0,4,2,2,x,15,18,0
克里夫蘭印地安人,0,2,1,0,0,0,0,1,0,4,8,3
芝加哥白襪,0,0,0,0,0,1,0,2,0,3,9,0
多倫多藍鳥,0,0,0,2,0,1,4,1,0,8,11,0
紐約洋基,0,0,1,0,0,0,2,0,1,4,6,1
巴爾的摩金鶯,1,0,0,0,0,2,0,0,0,3,11,4
休士頓太空人,0,0,1,2,0,1,0,0,x,4,8,1
奧克蘭運動家,0,1,0,0,2,0,0,0,0,3,10,0
西雅圖水手,0,1,6,0,1,0,4,1,x,13,17,0
費城費城人,0,2,0,3,0,0,2,1,0,8,12,1
底特律老虎,0,0,1,0,3,0,1,0,0,5,9,3
科羅拉多落磯山,0,1,0,1,0,0,0,1,0,3,10,0
波士頓紅襪,0,0,0,4,3,0,0,3,x,10,13,0
邁阿密馬林魚,0,0,3,0,0,0,0,1,0,4,13,0
坦帕灣光芒,0,1,0,0,0,2,0,0,0,3,9,2
紐約大都會,1,0,0,0,0,0,1,0,0,2,5,0
華盛頓國民,0,0,0,0,0,0,0,0,0,0,6,2
芝加哥小熊,0,6,0,0,0,3,0,0,0,9,10,1
聖路易紅雀,1,1,0,2,0,3,1,0,0,8,13,1
聖地牙哥教士,0,0,0,0,0,1,2,0,0,3,9,1
舊金山巨人,1,0,0,0,1,1,0,0,1,4,10,0
亞歷桑那響尾蛇,0,3,0,0,1,0,0,0,0,4,9,1
匹茲堡海盜,0,0,0,1,4,0,0,0,x,5,11,0
密爾瓦基釀酒人,1,0,0,1,0,0,0,0,1,3,11,0
亞特蘭大勇士,0,2,0,0,0,0,0,0,0,2,9,0
辛辛那提紅人,0,0,0,1,0,0,0,0,0,1,4,0
洛杉磯道奇,0,0,0,2,1,0,0,0,x,3,3,0
多倫多藍鳥,0,0,2,0,0,0,0,0,1,3,6,0
紐約洋基,1,0,0,0,0,0,0,0,0,1,4,1
巴爾的摩金鶯,0,1,0,0,0,0,0,0,1,2,5,1
休士頓太空人,1,2,0,0,1,0,0,0,x,4,6,1
邁阿密馬林魚,0,3,2,0,0,0,0,3,1,9,15,0
坦帕灣光芒,0,0,1,0,0,0,0,0,0,1,7,1
科羅拉多落磯山,0,0,0,2,4,0,1,0,1,8,12,0
波士頓紅襪,2,0,0,0,0,0,0,0,0,2,6,1
亞歷桑那響尾蛇,1,0,0,0,0,2,0,0,0,3,13,1
匹茲堡海盜,0,3,0,0,0,2,0,3,x,8,12,1
聖路易紅雀,0,0,0,1,0,0,0,0,0,1,6,0
華盛頓國民,0,0,0,0,0,1,1,0,x,2,7,1
密爾瓦基釀酒人,0,0,0,2,1,0,1,0,2,6,10,0
亞特蘭大勇士,2,0,0,0,0,0,0,0,0,2,8,0
波士頓紅襪,0,1,0,1,0,0,2,1,0,5,7,0
多倫多藍鳥,1,0,1,2,1,0,0,2,x,7,11,1
巴爾的摩金鶯,3,0,0,0,0,0,3,0,0,6,13,0
克里夫蘭印地安人,0,1,0,1,1,0,0,1,0,4,10,0
紐約洋基,0,0,0,0,0,3,0,1,0,4,4,0
坦帕灣光芒,0,0,0,0,0,0,0,0,1,1,4,2
芝加哥白襪,0,0,0,0,0,5,0,0,0,5,8,0
堪薩斯皇家,1,0,0,0,0,1,4,1,x,7,13,0
休士頓太空人,0,0,0,0,0,0,0,0,2,2,8,0
洛杉磯天使,0,0,6,1,0,0,0,0,x,7,9,0
底特律老虎,0,0,0,2,0,1,0,0,1,4,11,0
奧克蘭運動家,0,0,0,0,0,0,0,0,1,1,5,0
明尼蘇達雙城,0,1,5,0,0,0,1,0,0,7,10,0
西雅圖水手,1,0,0,1,0,0,0,0,0,2,5,0
匹茲堡海盜,0,1,0,0,5,1,0,0,2,9,14,0
德州遊騎兵,0,0,0,0,0,1,0,0,0,1,10,1
費城費城人,0,0,1,0,0,0,1,0,0,2,10,1
芝加哥小熊,1,0,0,4,1,0,0,0,x,6,10,2
聖路易紅雀,0,0,5,0,0,0,0,1,0,6,4,2
華盛頓國民,0,0,0,0,1,1,0,0,0,2,8,0
洛杉磯道奇,0,0,1,0,0,0,0,0,4,5,8,0
紐約大都會,3,0,0,1,1,0,0,0,1,6,9,1
邁阿密馬林魚,0,0,2,0,0,0,0,0,0,2,8,0
亞特蘭大勇士,0,0,0,0,2,0,0,2,x,4,14,0
辛辛那提紅人,3,0,0,0,1,1,0,0,0,5,6,0
密爾瓦基釀酒人,1,0,1,4,1,0,2,0,x,9,14,1
舊金山巨人,0,0,1,0,0,0,0,0,1,2,7,0
科羅拉多落磯山,0,0,2,1,0,0,0,2,x,5,11,2
聖地牙哥教士,1,0,1,0,4,4,0,0,0,10,18,1
亞歷桑那響尾蛇,0,0,0,0,0,0,0,2,1,3,6,0
波士頓紅襪,0,0,0,1,4,2,1,0,1,9,15,3
多倫多藍鳥,0,0,3,0,0,1,0,4,2,10,13,2
芝加哥白襪,0,4,0,2,1,0,0,0,0,7,11,0
堪薩斯皇家,0,0,1,0,0,0,0,0,7,8,12,2
底特律老虎,0,0,0,0,1,2,0,0,0,3,6,0
奧克蘭運動家,0,1,0,1,1,5,4,0,x,12,17,1
巴爾的摩金鶯,0,0,0,0,1,1,2,0,0,4,10,4
克里夫蘭印地安人,4,2,1,0,1,0,2,1,x,11,13,0
紐約洋基,0,0,0,1,0,0,2,2,0,5,12,0
坦帕灣光芒,3,2,0,1,3,0,0,0,x,9,13,0
休士頓太空人,1,0,0,0,1,2,0,0,0,4,9,0
洛杉磯天使,2,0,0,0,0,0,0,0,0,2,3,0
明尼蘇達雙城,2,0,0,0,3,0,1,0,0,6,11,1
西雅圖水手,1,1,0,2,0,1,0,0,0,5,14,0
匹茲堡海盜,0,0,0,0,1,0,0,0,1,2,7,0
德州遊騎兵,3,0,0,1,0,0,1,0,x,5,9,2
費城費城人,0,0,0,0,0,0,0,0,1,1,5,0
芝加哥小熊,2,1,0,0,0,1,0,0,x,4,8,0
辛辛那提紅人,0,0,0,1,0,0,5,0,1,7,11,1
密爾瓦基釀酒人,2,0,0,0,2,2,0,0,0,6,7,0
邁阿密馬林魚,0,2,0,0,0,0,0,0,0,2,7,2
亞特蘭大勇士,0,0,0,1,0,3,3,0,x,7,6,1
舊金山巨人,3,1,0,0,0,0,0,6,0,10,16,1
科羅拉多落磯山,0,0,0,0,1,0,4,0,0,5,9,1
聖路易紅雀,0,4,1,0,1,0,0,2,1,9,12,0
華盛頓國民,0,2,0,0,0,1,1,0,0,4,7,0
洛杉磯道奇,0,0,0,0,0,2,4,2,1,9,14,0
紐約大都會,0,0,0,0,0,0,0,1,0,1,3,0
聖地牙哥教士,1,0,0,0,0,3,0,0,3,7,10,1
亞歷桑那響尾蛇,2,5,0,0,1,0,0,0,x,8,10,1
波士頓紅襪,0,0,0,3,0,0,0,0,2,5,9,0
多倫多藍鳥,0,0,2,0,0,1,0,0,0,3,10,0
巴爾的摩金鶯,3,0,0,1,0,0,1,0,1,6,8,1
克里夫蘭印地安人,0,0,0,3,0,1,0,0,0,4,8,0
紐約洋基,0,0,0,0,0,0,2,0,0,2,1,1
坦帕灣光芒,0,0,1,0,0,0,0,0,0,1,6,1
芝加哥白襪,0,1,0,0,2,0,1,0,0,4,9,0
堪薩斯皇家,2,0,0,0,0,0,0,3,x,5,11,0
休士頓太空人,3,1,0,1,0,0,0,0,3,8,14,2
洛杉磯天使,1,1,2,0,0,0,0,0,1,6,12,1
底特律老虎,0,1,1,0,0,0,0,0,0,2,5,1
奧克蘭運動家,0,0,0,0,0,3,0,1,x,4,9,0
明尼蘇達雙城,0,1,0,3,1,0,0,0,0,5,7,0
西雅圖水手,1,1,0,0,0,0,0,0,2,4,7,0
匹茲堡海盜,1,0,1,0,0,0,0,0,0,2,8,1
德州遊騎兵,0,0,0,4,0,1,1,0,x,6,7,1
聖路易紅雀,0,0,0,1,0,0,1,0,0,2,9,0
華盛頓國民,0,0,0,3,0,0,5,2,x,10,12,0
辛辛那提紅人,0,2,0,0,0,0,0,0,2,4,9,0
密爾瓦基釀酒人,1,0,2,0,1,0,1,0,x,5,8,0
費城費城人,0,0,0,0,0,0,1,0,1,2,6,1
芝加哥小熊,1,1,3,0,2,0,0,0,x,7,10,0
舊金山巨人,0,2,3,1,0,0,1,1,0,8,17,1
科羅拉多落磯山,0,1,1,0,0,0,0,1,0,3,8,2
聖地牙哥教士,0,1,0,0,1,0,0,1,0,3,5,0
亞歷桑那響尾蛇,1,5,0,0,0,0,0,0,x,6,9,0
邁阿密馬林魚,0,0,0,1,0,2,3,0,1,7,10,1
亞特蘭大勇士,0,0,0,1,0,0,0,2,0,3,3,1
洛杉磯道奇,0,0,1,0,1,0,0,0,2,4,9,0
紐約大都會,0,0,0,0,0,1,0,1,0,2,5,2
波士頓紅襪,1,0,1,0,0,1,0,4,0,7,11,0
巴爾的摩金鶯,0,0,0,0,2,0,0,0,0,2,4,0
明尼蘇達雙城,0,1,0,0,1,0,0,0,0,2,8,0
奧克蘭運動家,1,0,0,0,1,1,0,0,x,3,7,0
德州遊騎兵,2,1,2,4,0,0,0,0,0,9,11,0
克里夫蘭印地安人,0,0,0,0,0,1,1,0,0,2,11,4
紐約洋基,0,0,0,0,0,0,0,0,2,2,5,0
多倫多藍鳥,1,0,2,0,1,0,0,0,x,4,8,0
坦帕灣光芒,0,0,0,1,0,0,0,1,0,2,5,3
堪薩斯皇家,0,1,0,0,1,0,0,4,x,6,10,1
底特律老虎,0,0,0,0,0,0,0,0,1,1,4,1
洛杉磯天使,0,0,0,0,0,0,0,5,x,5,6,0
芝加哥白襪,0,0,0,0,0,0,0,0,0,0,2,0
紐約大都會,0,0,0,0,0,0,1,0,x,1,7,0
聖地牙哥教士,0,1,0,0,0,1,0,0,1,3,9,1
西雅圖水手,0,0,0,0,0,4,0,5,x,9,10,2
休士頓太空人,0,4,2,2,0,0,0,0,0,8,13,0
亞歷桑那響尾蛇,1,0,0,0,0,0,0,1,1,3,5,2
舊金山巨人,0,1,0,0,0,0,0,0,2,3,6,1
亞特蘭大勇士,0,3,2,0,0,0,0,0,x,5,6,2
聖路易紅雀,0,0,3,0,1,0,2,0,0,6,12,2
密爾瓦基釀酒人,0,0,0,0,0,0,0,0,0,0,5,1
辛辛那提紅人,1,0,0,5,0,0,1,3,1,11,17,0
科羅拉多落磯山,1,0,4,0,0,0,0,0,3,8,11,0
洛杉磯道奇,0,0,0,0,0,0,0,0,0,0,1,1
芝加哥小熊,0,0,0,0,2,0,0,0,x,2,8,0
華盛頓國民,0,0,0,1,0,0,0,3,0,4,5,0
費城費城人,0,1,0,0,0,1,0,0,1,3,6,0
匹茲堡海盜,1,0,1,0,0,5,0,0,3,10,14,0
邁阿密馬林魚,0,0,0,0,0,0,0,0,0,0,3,0
德州遊騎兵,0,0,2,0,1,0,0,3,1,7,11,0
克里夫蘭印地安人,0,0,0,0,0,0,2,0,1,3,8,0
波士頓紅襪,2,3,0,0,0,0,1,0,0,6,10,0
巴爾的摩金鶯,0,0,1,0,1,0,0,0,0,2,7,1
紐約洋基,0,1,0,0,0,0,0,0,0,1,6,0
多倫多藍鳥,0,0,0,1,0,0,3,0,x,4,7,0
坦帕灣光芒,0,3,0,0,1,0,0,0,1,5,13,0
堪薩斯皇家,2,0,1,5,0,2,0,0,x,10,18,0
底特律老虎,1,1,0,0,0,2,4,1,0,9,8,0
洛杉磯天使,2,3,1,3,0,0,0,0,2,11,17,0
明尼蘇達雙城,0,1,1,0,1,0,0,1,0,4,12,1
奧克蘭運動家,0,1,2,0,2,0,0,2,x,7,12,0
聖地牙哥教士,0,0,0,0,0,3,1,0,0,4,7,0
西雅圖水手,1,6,3,2,4,0,0,0,x,16,14,0
休士頓太空人,0,3,0,4,1,0,0,0,0,8,12,1
亞歷桑那響尾蛇,2,0,0,0,1,0,0,0,2,5,9,0
芝加哥白襪,0,0,0,0,0,3,0,3,0,6,8,2
紐約大都會,1,1,2,0,0,0,0,0,0,4,8,3
華盛頓國民,1,0,0,0,0,1,0,0,3,5,8,0
費城費城人,0,0,1,0,0,0,0,0,0,1,4,1
舊金山巨人,0,0,0,0,0,1,0,3,0,4,5,0
亞特蘭大勇士,0,0,0,0,0,0,0,0,0,0,1,0
匹茲堡海盜,0,0,0,0,0,0,0,0,1,1,5,0
邁阿密馬林魚,0,0,0,0,0,0,3,0,x,3,10,0
洛杉磯道奇,0,0,0,0,0,0,0,2,3,5,8,0
芝加哥小熊,0,0,0,0,0,0,0,0,0,0,1,2
聖路易紅雀,2,0,0,0,1,0,2,5,0,10,14,0
密爾瓦基釀酒人,0,1,0,0,0,1,0,1,0,3,7,0
辛辛那提紅人,0,0,1,0,0,2,0,1,0,4,7,0
科羅拉多落磯山,5,2,1,0,0,3,6,0,x,17,19,1
明尼蘇達雙城,0,0,0,0,0,1,0,0,0,1,6,0
奧克蘭運動家,0,1,1,1,1,1,0,0,x,5,11,0
德州遊騎兵,1,0,0,0,1,0,1,0,0,4,8,0
克里夫蘭印地安人,0,0,1,0,0,1,0,0,1,5,10,0
波士頓紅襪,1,3,3,0,0,1,0,1,0,9,15,1
巴爾的摩金鶯,4,1,3,0,0,2,3,0,x,13,14,1
底特律老虎,0,0,0,0,1,1,0,0,1,3,11,0
洛杉磯天使,0,0,0,0,0,0,0,0,0,0,2,1
紐約洋基,0,0,0,0,0,0,0,0,0,0,7,2
多倫多藍鳥,0,0,0,0,1,1,5,0,x,7,12,1
坦帕灣光芒,0,0,1,0,1,1,0,0,0,3,9,1
堪薩斯皇家,2,2,0,0,0,1,1,0,x,6,11,0
芝加哥白襪,0,0,1,0,0,0,0,0,1,2,7,0
紐約大都會,0,0,0,0,0,0,0,0,0,1,7,0
亞歷桑那響尾蛇,1,0,0,0,0,0,3,0,0,4,8,1
休士頓太空人,0,0,3,0,0,1,0,0,1,5,9,0
西雅圖水手,3,0,0,0,1,0,0,1,1,6,14,2
聖地牙哥教士,6,1,0,2,2,3,0,0,x,14,19,1
聖路易紅雀,0,0,0,0,0,0,0,0,1,1,4,0
密爾瓦基釀酒人,2,0,0,0,0,1,0,0,x,3,6,0
華盛頓國民,1,0,0,1,0,4,1,0,0,7,12,0
費城費城人,0,0,0,0,0,0,2,0,0,2,6,1
舊金山巨人,0,2,1,1,0,0,0,0,0,4,8,0
亞特蘭大勇士,0,1,0,2,0,0,1,0,1,5,7,1
匹茲堡海盜,0,0,0,0,0,0,2,0,0,2,4,1
邁阿密馬林魚,0,0,0,0,2,0,0,1,x,3,7,0
洛杉磯道奇,1,0,0,0,0,0,0,0,0,1,4,0
芝加哥小熊,0,0,2,0,0,0,0,0,x,2,3,0
辛辛那提紅人,1,3,0,0,0,1,0,1,1,7,10,1
科羅拉多落磯山,1,0,0,0,0,0,0,1,0,2,7,2
波士頓紅襪,0,0,0,0,0,5,0,0,2,7,12,0
巴爾的摩金鶯,0,0,0,2,2,1,3,4,x,12,11,1
堪薩斯皇家,0,0,2,1,0,1,0,0,0,4,12,3
克里夫蘭印地安人,0,1,1,0,0,0,0,1,2,5,11,1
紐約洋基,0,0,0,0,0,1,4,0,0,5,8,1
底特律老虎,0,0,0,1,0,0,1,1,1,4,11,0
坦帕灣光芒,0,0,2,0,2,0,0,0,0,4,9,0
明尼蘇達雙城,1,0,0,2,1,1,1,0,x,6,15,1
亞歷桑那響尾蛇,0,0,0,0,0,0,3,0,0,3,7,1
休士頓太空人,0,0,0,0,0,0,0,0,0,0,5,0
西雅圖水手,1,0,0,1,0,5,9,0,0,16,16,1
聖地牙哥教士,4,0,0,1,7,0,1,0,0,13,20,1
舊金山巨人,0,0,0,0,6,0,0,0,0,6,8,1
亞特蘭大勇士,0,0,0,0,0,0,0,0,0,0,4,1
洛杉磯道奇,0,0,0,0,1,1,0,0,0,2,3,1
芝加哥小熊,0,2,0,2,2,0,0,1,x,7,10,0
密爾瓦基釀酒人,0,1,0,1,0,0,0,0,2,4,12,1
費城費城人,0,0,0,1,0,0,0,0,0,1,5,0
匹茲堡海盜,0,0,0,2,0,1,0,0,0,3,4,1
邁阿密馬林魚,0,0,0,0,0,0,0,0,1,4,7,0
辛辛那提紅人,1,0,1,2,6,1,0,0,0,11,14,0
科羅拉多落磯山,0,0,0,2,0,0,2,0,0,4,5,1
紐約洋基,0,0,0,3,1,1,0,0,0,5,10,0
巴爾的摩金鶯,0,1,0,1,0,3,1,0,x,6,11,1
多倫多藍鳥,2,0,0,1,0,0,0,2,0,5,7,0
波士頓紅襪,1,0,0,0,0,0,0,1,0,2,5,1
堪薩斯皇家,0,0,1,0,0,0,0,0,0,1,3,1
克里夫蘭印地安人,0,1,3,0,0,0,1,1,x,6,8,0
芝加哥白襪,0,1,0,0,0,1,0,0,1,3,7,0
底特律老虎,0,2,1,0,0,1,2,4,x,10,14,0
西雅圖水手,0,0,1,0,1,1,0,0,0,3,9,0
德州遊騎兵,3,0,2,1,0,1,0,0,x,7,13,0
坦帕灣光芒,1,0,0,0,1,0,0,1,1,4,7,0
明尼蘇達雙城,0,0,2,0,0,0,0,0,0,2,8,1
奧克蘭運動家,0,0,0,0,0,0,1,1,0,2,9,0
休士頓太空人,7,0,0,2,3,0,0,0,x,12,16,0
洛杉磯天使,3,1,2,1,0,0,2,0,0,9,15,0
匹茲堡海盜,0,2,0,0,0,0,0,0,0,2,8,1
亞歷桑那響尾蛇,0,0,0,0,0,0,0,0,0,0,6,2
芝加哥小熊,0,0,0,0,0,1,0,5,x,6,7,0
密爾瓦基釀酒人,0,0,0,0,2,0,1,0,0,3,5,0
費城費城人,0,0,3,3,0,0,0,0,x,6,7,1
華盛頓國民,0,0,0,0,0,0,1,1,0,2,7,0
辛辛那提紅人,0,4,1,0,0,0,1,1,x,7,12,0
紐約大都會,0,0,0,2,0,0,2,0,2,6,10,1
邁阿密馬林魚,0,1,0,0,0,1,0,0,0,2,7,0
舊金山巨人,0,0,0,2,0,0,0,0,3,5,8,1
聖路易紅雀,0,0,1,0,0,0,0,0,0,1,5,0
亞特蘭大勇士,1,1,0,0,0,0,0,0,0,2,7,0
洛杉磯道奇,0,0,0,1,1,1,0,1,x,4,5,0
科羅拉多落磯山,0,0,0,0,0,0,0,0,0,0,2,2
聖地牙哥教士,3,0,0,1,0,0,0,0,x,4,4,1
多倫多藍鳥,0,0,0,1,2,1,0,0,0,4,4,0
波士頓紅襪,0,1,2,1,1,1,0,0,x,6,11,0
芝加哥白襪,1,0,1,0,0,0,0,0,2,4,9,1
底特律老虎,1,0,0,0,0,2,1,3,x,7,11,0
坦帕灣光芒,0,0,1,3,1,0,2,0,0,7,11,2
明尼蘇達雙城,1,0,2,0,0,0,0,0,1,4,11,0
奧克蘭運動家,0,0,1,0,0,1,0,0,0,5,12,0
休士頓太空人,0,1,0,0,0,0,0,0,1,6,10,0
紐約洋基,0,0,1,4,1,1,0,0,1,8,16,0
巴爾的摩金鶯,0,0,0,0,0,0,6,0,0,6,8,0
堪薩斯皇家,0,0,0,0,0,0,1,0,0,1,7,0
克里夫蘭印地安人,0,1,0,0,0,4,2,0,x,7,12,0
西雅圖水手,0,1,1,1,0,0,1,0,0,4,11,0
德州遊騎兵,3,1,1,0,4,0,0,1,x,10,14,0
洛杉磯天使,1,0,1,0,0,1,0,4,0,7,11,1
匹茲堡海盜,0,2,0,1,0,0,5,0,x,8,10,1
亞歷桑那響尾蛇,2,0,0,0,0,0,0,1,0,3,4,1
芝加哥小熊,1,0,0,3,0,0,0,1,x,5,7,0
密爾瓦基釀酒人,1,0,0,1,1,0,0,1,2,6,10,2
費城費城人,0,3,0,0,0,0,0,0,0,3,7,0
華盛頓國民,0,2,0,0,0,0,0,1,0,3,3,2
辛辛那提紅人,0,1,0,0,0,2,0,3,x,6,7,0
紐約大都會,0,0,0,1,0,1,0,2,2,6,15,1
邁阿密馬林魚,1,1,0,0,0,1,0,0,1,4,9,0
舊金山巨人,1,1,0,1,1,0,0,0,0,4,6,0
聖路易紅雀,0,0,0,0,4,2,0,1,x,7,12,1
亞特蘭大勇士,0,0,0,0,0,0,0,0,0,0,5,0
洛杉磯道奇,0,0,1,0,0,0,0,3,x,4,6,1
科羅拉多落磯山,0,2,0,1,0,0,0,0,0,3,9,0
聖地牙哥教士,1,2,1,0,0,0,0,0,x,4,12,1
堪薩斯皇家,0,0,0,0,0,0,0,0,0,0,3,0
克里夫蘭印地安人,1,0,0,1,3,0,2,0,x,7,9,0
芝加哥白襪,1,0,0,0,0,1,0,0,0,2,5,0
底特律老虎,0,0,1,0,4,0,0,0,x,5,12,0
紐約洋基,0,0,1,0,0,0,0,0,0,1,10,1
巴爾的摩金鶯,0,0,0,0,0,0,0,3,x,3,6,1
多倫多藍鳥,1,0,3,0,0,1,0,0,0,5,4,0
波士頓紅襪,0,0,0,0,0,0,0,1,3,4,6,0
坦帕灣光芒,0,1,0,2,0,1,0,1,2,7,10,1
明尼蘇達雙城,1,0,3,0,0,0,0,1,0,5,9,1
奧克蘭運動家,2,0,0,0,0,0,0,0,0,2,8,3
休士頓太空人,0,0,0,0,1,1,1,2,x,5,9,0
西雅圖水手,0,0,0,2,0,0,0,0,0,2,3,2
德州遊騎兵,0,0,0,0,3,0,0,0,x,3,5,1
洛杉磯天使,1,0,0,0,0,0,2,2,0,5,9,0
匹茲堡海盜,1,2,0,0,0,1,0,0,0,4,9,0
華盛頓國民,0,0,0,5,3,2,0,0,0,10,14,1
辛辛那提紅人,0,5,0,0,0,0,3,0,1,9,12,2
紐約大都會,0,0,0,0,0,0,0,0,0,0,4,0
邁阿密馬林魚,0,0,0,0,1,0,0,0,x,1,5,0
密爾瓦基釀酒人,0,0,0,0,0,0,0,1,0,1,11,1
費城費城人,1,0,1,1,5,0,0,0,x,8,13,0
亞歷桑那響尾蛇,0,2,0,0,1,0,0,0,0,3,10,0
芝加哥小熊,0,1,0,0,0,1,0,0,0,2,5,0
亞特蘭大勇士,2,0,0,0,0,1,0,2,1,6,12,1
洛杉磯道奇,2,1,4,1,1,0,3,0,x,12,14,0
舊金山巨人,0,0,0,2,0,1,0,0,0,3,6,1
聖路易紅雀,0,0,1,0,0,4,0,1,x,6,10,1
科羅拉多落磯山,2,0,1,0,3,0,2,0,2,10,10,0
聖地牙哥教士,0,0,0,1,0,1,0,0,1,3,6,2
堪薩斯皇家,0,0,0,0,0,0,1,0,0,1,5,1
巴爾的摩金鶯,0,0,0,0,0,0,3,1,x,4,7,1
洛杉磯天使,1,0,1,0,0,0,0,0,0,2,6,0
紐約洋基,0,0,0,0,0,0,2,3,x,5,9,0
多倫多藍鳥,0,0,0,0,0,0,0,0,0,0,3,1
底特律老虎,0,4,2,0,0,3,0,2,x,11,15,0
休士頓太空人,0,0,3,1,0,0,1,0,0,5,9,1
德州遊騎兵,3,0,1,0,0,0,1,0,1,6,12,3
克里夫蘭印地安人,0,0,0,2,1,0,0,0,0,3,5,0
西雅圖水手,0,0,1,0,0,0,0,0,0,1,5,2
坦帕灣光芒,0,0,0,1,4,0,1,0,0,6,10,0
亞歷桑那響尾蛇,0,0,2,0,0,1,1,0,0,4,7,0
芝加哥小熊,1,0,0,2,0,0,2,0,1,6,13,0
費城費城人,0,0,0,0,0,0,0,0,4,4,9,0
科羅拉多落磯山,0,1,0,0,1,4,0,0,0,6,9,0
洛杉磯道奇,0,1,0,0,0,0,0,0,0,1,1,0
亞特蘭大勇士,1,0,0,0,0,0,1,0,0,2,9,1
聖地牙哥教士,1,0,3,0,2,0,0,1,x,7,11,0
堪薩斯皇家,0,0,0,1,0,0,0,0,0,1,10,0
巴爾的摩金鶯,4,1,0,0,3,1,0,0,x,9,11,1
洛杉磯天使,0,0,0,0,3,0,0,0,0,3,5,2
紐約洋基,3,1,1,0,0,0,1,0,x,6,10,0
多倫多藍鳥,0,0,0,1,0,1,0,0,0,2,5,0
底特律老虎,0,0,0,0,0,0,0,2,1,3,6,0
休士頓太空人,0,2,0,0,0,0,0,0,1,3,6,1
德州遊騎兵,0,1,0,0,1,0,0,2,x,4,10,0
克里夫蘭印地安人,0,0,0,0,0,0,0,1,0,1,6,0
西雅圖水手,2,0,0,4,1,0,0,0,x,7,11,0
華盛頓國民,0,2,0,2,2,4,0,0,0,10,12,0
芝加哥白襪,2,3,0,0,0,0,0,0,0,5,7,1
奧克蘭運動家,0,0,0,0,0,0,2,0,2,4,5,0
密爾瓦基釀酒人,0,2,0,0,0,3,0,0,x,5,6,1
邁阿密馬林魚,1,1,1,0,0,0,0,0,0,4,10,0
明尼蘇達雙城,0,0,1,0,0,1,0,0,2,6,7,0
坦帕灣光芒,0,0,0,0,0,0,0,0,0,0,3,0
亞歷桑那響尾蛇,0,0,0,3,0,2,0,0,x,5,8,0
波士頓紅襪,1,1,0,0,0,1,0,0,2,5,9,0
舊金山巨人,0,1,2,0,0,0,0,0,0,3,7,1
紐約大都會,0,0,0,0,0,0,0,1,0,1,5,0
匹茲堡海盜,1,0,0,0,1,1,0,0,x,3,10,0
芝加哥小熊,0,0,0,0,1,0,0,1,0,2,6,0
費城費城人,1,0,0,1,0,0,1,0,x,3,6,1
聖路易紅雀,0,0,0,1,0,0,0,3,2,6,10,0
辛辛那提紅人,0,0,0,4,0,0,2,0,1,7,12,4
紐約大都會,0,0,0,0,1,0,0,0,0,1,4,1
匹茲堡海盜,0,2,0,0,1,0,0,0,x,3,10,0
科羅拉多落磯山,0,0,1,0,0,0,2,0,0,3,9,0
洛杉磯道奇,3,0,0,0,0,0,0,0,1,4,5,1
亞特蘭大勇士,1,0,2,0,0,0,0,0,0,3,7,0
聖地牙哥教士,1,0,0,0,1,0,0,0,2,4,9,0
多倫多藍鳥,2,0,3,0,2,0,0,0,0,7,9,0
底特律老虎,2,0,0,0,0,0,0,0,0,2,9,0
堪薩斯皇家,0,0,0,0,0,0,0,0,0,0,9,0
巴爾的摩金鶯,0,0,0,0,4,0,0,0,x,4,4,0
洛杉磯天使,1,2,1,0,1,0,0,0,1,6,14,2
紐約洋基,2,0,1,1,0,4,4,0,x,12,17,0
休士頓太空人,1,0,0,0,0,0,2,0,0,3,7,1
德州遊騎兵,0,0,1,0,0,0,0,0,0,1,10,1
克里夫蘭印地安人,0,0,0,0,0,0,0,0,0,0,3,0
西雅圖水手,0,0,2,0,1,0,1,1,x,5,7,0
坦帕灣光芒,1,0,1,0,0,2,1,0,1,6,10,0
亞歷桑那響尾蛇,0,2,1,0,0,0,0,0,0,3,10,0
華盛頓國民,4,2,1,0,0,0,0,3,1,11,18,0
芝加哥白襪,0,0,0,0,0,0,0,0,4,4,9,0
奧克蘭運動家,0,0,0,0,0,0,0,0,0,0,3,0
密爾瓦基釀酒人,1,1,0,2,0,0,0,0,x,4,9,1
邁阿密馬林魚,0,0,0,0,4,1,0,0,0,5,14,0
明尼蘇達雙城,1,1,2,0,0,1,2,0,x,7,14,0
波士頓紅襪,0,0,0,1,0,0,0,0,0,1,5,0
舊金山巨人,0,0,0,1,0,0,0,1,x,2,3,1
芝加哥小熊,0,0,0,0,1,3,0,4,0,8,13,0
費城費城人,0,0,0,0,0,0,0,0,1,1,3,1
亞特蘭大勇士,2,0,0,1,0,1,0,0,0,4,14,0
聖地牙哥教士,0,0,0,1,0,1,0,0,0,2,5,0
紐約大都會,0,0,2,1,0,0,2,0,1,6,11,2
匹茲堡海盜,0,0,1,0,0,2,0,0,0,5,10,0
聖路易紅雀,3,1,0,0,2,0,2,4,0,12,15,1
辛辛那提紅人,1,2,0,1,1,0,0,0,2,7,15,2
科羅拉多落磯山,0,0,0,0,0,0,1,0,0,1,6,1
洛杉磯道奇,0,0,0,0,0,0,0,0,0,0,4,0
休士頓太空人,0,0,2,0,0,0,1,0,0,3,7,0
德州遊騎兵,0,0,3,1,0,0,0,1,x,5,8,1
洛杉磯天使,0,0,0,1,0,0,2,0,0,3,8,0
紐約洋基,0,0,0,0,5,0,1,0,x,6,11,1
巴爾的摩金鶯,1,0,2,0,0,1,1,0,1,6,11,0
多倫多藍鳥,3,1,0,1,0,0,0,0,0,5,8,0
克里夫蘭印地安人,0,0,0,0,1,0,1,3,0,5,7,0
西雅圖水手,1,0,0,0,0,0,1,1,0,3,13,1
華盛頓國民,0,0,0,0,1,0,0,0,0,1,5,0
芝加哥白襪,3,0,0,0,0,0,0,0,x,3,5,0
邁阿密馬林魚,1,1,0,0,0,0,7,1,0,10,18,0
明尼蘇達雙城,0,0,0,0,0,2,0,0,1,3,7,2
匹茲堡海盜,1,0,4,0,0,0,0,0,0,5,7,0
科羅拉多落磯山,4,2,0,2,3,0,0,0,x,11,14,3
聖路易紅雀,0,1,0,0,0,1,0,1,0,3,8,0
辛辛那提紅人,2,0,0,0,0,0,0,0,0,2,4,0
紐約大都會,1,0,1,0,0,0,0,2,1,5,13,1
密爾瓦基釀酒人,0,0,0,0,0,0,1,1,0,2,10,0
底特律老虎,0,0,0,0,0,0,0,0,0,0,6,1
紐約洋基,3,0,1,0,0,0,0,0,x,4,7,1
巴爾的摩金鶯,0,0,0,1,2,0,0,0,0,3,4,1
多倫多藍鳥,0,0,1,0,1,0,0,0,1,4,10,0
休士頓太空人,0,0,0,0,0,3,0,0,0,3,11,0
坦帕灣光芒,2,2,0,0,0,0,0,0,x,4,8,0
堪薩斯皇家,1,0,0,1,0,1,2,0,0,5,12,0
芝加哥白襪,0,0,3,2,0,2,0,0,x,7,12,0
波士頓紅襪,0,0,0,0,3,3,0,0,2,8,16,1
明尼蘇達雙城,0,0,0,0,0,0,0,1,0,1,8,1
克里夫蘭印地安人,4,2,0,0,0,0,0,0,0,6,10,0
洛杉磯天使,1,0,0,0,0,1,0,0,0,2,3,1
德州遊騎兵,0,0,1,0,0,0,2,1,1,5,10,3
西雅圖水手,0,1,0,4,0,0,0,2,x,7,7,0
奧克蘭運動家,0,0,1,0,0,0,0,0,0,1,9,0
辛辛那提紅人,0,0,0,0,0,0,2,0,x,2,5,0
費城費城人,0,2,2,0,0,0,0,2,0,6,6,0
華盛頓國民,0,0,2,2,2,1,2,0,x,9,11,0
聖路易紅雀,0,0,0,0,3,0,0,0,6,9,9,0
匹茲堡海盜,0,1,0,0,0,1,0,0,0,3,8,1
芝加哥小熊,0,0,1,0,0,0,0,0,0,1,4,1
亞特蘭大勇士,0,2,0,1,0,0,0,2,x,5,12,0
紐約大都會,0,0,0,1,0,0,0,0,1,2,10,1
密爾瓦基釀酒人,0,0,1,0,0,0,0,0,0,1,3,0
聖地牙哥教士,0,0,2,1,0,0,0,0,4,7,9,2
科羅拉多落磯山,2,0,0,2,0,0,0,1,0,5,9,2
邁阿密馬林魚,1,0,0,0,0,0,7,0,0,8,9,1
亞歷桑那響尾蛇,0,0,2,1,2,0,1,0,0,6,13,0
洛杉磯道奇,2,0,0,0,0,0,0,0,1,3,5,1
舊金山巨人,1,0,0,0,0,1,0,0,0,2,6,1
巴爾的摩金鶯,0,0,0,3,0,1,0,2,0,6,12,0
多倫多藍鳥,0,1,2,0,0,5,1,2,x,11,13,2
堪薩斯皇家,0,0,1,0,1,0,0,1,1,4,9,0
芝加哥白襪,0,0,0,0,0,0,0,0,1,1,5,0
波士頓紅襪,4,0,0,0,0,1,0,5,5,15,15,0
明尼蘇達雙城,0,0,0,3,1,0,0,0,0,4,7,2
休士頓太空人,0,0,0,1,0,0,1,1,1,4,7,0
坦帕灣光芒,0,0,1,0,0,1,0,0,1,3,6,0
底特律老虎,0,1,0,0,3,0,2,0,0,6,10,1
紐約洋基,0,0,1,0,0,0,0,0,0,1,6,0
克里夫蘭印地安人,0,0,0,0,0,0,0,0,3,3,7,2
洛杉磯天使,0,0,0,1,0,0,2,0,1,4,11,1
德州遊騎兵,0,0,0,0,0,0,1,0,1,2,10,1
西雅圖水手,0,0,1,0,0,0,0,0,0,1,6,1
奧克蘭運動家,1,0,0,0,0,0,0,0,0,1,7,0
辛辛那提紅人,0,0,2,0,0,0,0,0,x,2,6,0
費城費城人,0,0,0,0,0,0,0,0,0,0,7,0
華盛頓國民,0,4,0,0,3,0,0,1,x,8,13,0
紐約大都會,0,2,0,0,1,0,0,0,1,4,7,0
密爾瓦基釀酒人,0,2,1,2,0,0,2,0,x,7,8,0
芝加哥小熊,1,0,0,4,2,1,0,0,0,8,13,3
亞特蘭大勇士,0,0,0,1,0,0,1,0,0,2,5,0
聖地牙哥教士,2,0,0,0,1,0,0,0,0,3,7,0
科羅拉多落磯山,3,0,0,0,2,0,0,0,x,5,10,0
聖路易紅雀,0,0,0,0,4,0,1,0,0,5,8,0
匹茲堡海盜,0,0,0,0,0,0,1,0,0,1,6,0
洛杉磯道奇,1,0,0,1,0,1,0,0,1,4,11,0
舊金山巨人,0,0,0,0,1,0,0,0,2,5,7,0
邁阿密馬林魚,1,0,0,1,0,0,0,1,0,3,9,0
亞歷桑那響尾蛇,0,0,0,0,0,4,1,0,x,5,7,1
巴爾的摩金鶯,0,1,0,1,4,0,0,2,1,9,13,1
多倫多藍鳥,5,1,1,0,0,3,0,0,x,10,14,0
休士頓太空人,0,0,0,0,0,0,0,0,0,0,2,1
坦帕灣光芒,0,0,0,0,5,0,0,0,x,5,9,0
底特律老虎,0,0,0,1,1,0,2,0,0,4,9,0
紐約洋基,0,0,0,0,0,0,0,1,0,1,4,0
堪薩斯皇家,1,1,0,0,0,0,0,0,1,3,11,1
芝加哥白襪,0,0,0,0,0,1,0,0,0,1,5,0
波士頓紅襪,0,0,0,1,0,0,3,0,0,4,7,2
明尼蘇達雙城,1,0,0,0,2,0,0,0,3,7,7,2
克里夫蘭印地安人,1,4,0,0,0,0,1,0,2,8,11,1
洛杉磯天使,0,0,0,0,0,1,0,1,1,3,7,1
德州遊騎兵,0,0,0,3,0,3,0,0,0,6,7,0
西雅圖水手,0,0,0,0,1,0,0,2,1,4,9,0
奧克蘭運動家,0,4,0,0,0,0,0,1,1,6,15,0
辛辛那提紅人,0,1,0,0,0,0,0,0,0,1,7,0
芝加哥小熊,1,0,0,2,0,1,3,6,0,13,16,4
亞特蘭大勇士,1,0,0,0,0,0,0,1,0,2,7,1
紐約大都會,0,0,0,0,0,0,1,2,0,3,7,3
密爾瓦基釀酒人,0,3,0,0,2,0,0,0,x,5,9,2
費城費城人,0,0,0,0,1,2,0,0,1,4,7,1
華盛頓國民,2,1,0,0,0,0,0,0,2,5,8,1
聖地牙哥教士,0,0,0,0,0,0,1,0,0,1,8,1
科羅拉多落磯山,0,0,0,0,0,1,1,0,x,2,4,0
邁阿密馬林魚,0,0,0,0,0,0,0,0,0,0,3,1
亞歷桑那響尾蛇,4,1,0,1,0,0,0,0,x,6,12,0
聖路易紅雀,1,0,3,0,0,4,0,0,0,8,14,1
匹茲堡海盜,0,0,0,2,0,0,1,0,0,3,6,1
洛杉磯道奇,0,0,0,0,0,0,1,0,0,1,6,1
舊金山巨人,0,0,0,0,0,2,0,0,x,2,5,0
底特律老虎,0,0,1,0,0,1,0,0,0,9,14,0
芝加哥白襪,1,3,1,0,0,2,0,0,1,10,16,3
克里夫蘭印地安人,0,0,0,0,0,0,0,1,0,1,4,0
堪薩斯皇家,1,0,0,1,0,0,0,0,x,2,11,1
明尼蘇達雙城,1,0,3,0,1,1,3,0,0,9,10,1
洛杉磯天使,0,1,0,2,0,0,0,0,1,4,8,3
德州遊騎兵,0,0,0,1,1,2,0,0,1,5,9,1
奧克蘭運動家,1,0,4,5,4,0,0,0,x,14,17,3
費城費城人,0,0,1,0,0,0,3,0,3,7,9,0
多倫多藍鳥,0,0,0,0,0,0,0,0,0,0,6,0
芝加哥小熊,0,0,0,0,0,1,0,0,0,1,2,2
華盛頓國民,0,0,1,0,0,3,0,0,x,4,10,0
辛辛那提紅人,3,0,3,0,0,2,0,0,1,9,9,1
亞特蘭大勇士,2,1,2,0,2,0,0,1,0,8,10,0
洛杉磯道奇,1,0,0,0,1,0,0,0,0,2,7,0
亞歷桑那響尾蛇,1,0,1,0,1,0,0,0,x,3,6,0
邁阿密馬林魚,1,0,7,0,4,0,1,0,0,13,19,0
聖地牙哥教士,1,0,1,0,1,1,0,0,0,4,7,1
密爾瓦基釀酒人,0,0,2,1,0,1,0,1,0,5,11,1
舊金山巨人,2,0,2,0,0,1,4,2,x,11,14,0
巴爾的摩金鶯,2,0,0,0,0,0,0,1,0,3,5,0
波士頓紅襪,0,0,0,0,0,0,1,1,0,2,7,0
西雅圖水手,0,4,1,0,0,0,2,0,0,7,10,1
坦帕灣光芒,0,2,0,2,0,0,4,0,x,8,10,0
底特律老虎,1,2,3,4,0,0,0,0,1,11,16,3
芝加哥白襪,2,0,0,3,1,0,0,0,2,8,11,0
克里夫蘭印地安人,0,0,1,0,1,0,0,0,0,2,9,0
堪薩斯皇家,0,0,1,0,0,0,0,2,x,3,9,0
明尼蘇達雙城,0,1,1,0,1,1,0,0,0,4,10,0
洛杉磯天使,1,2,1,0,1,0,0,0,x,5,12,0
德州遊騎兵,1,3,3,0,0,0,0,1,2,10,13,0
奧克蘭運動家,1,0,0,0,0,3,0,0,2,6,11,1
費城費城人,0,0,0,0,0,1,1,1,0,3,7,2
多倫多藍鳥,1,2,6,0,0,0,2,0,x,11,14,0
休士頓太空人,0,0,1,0,2,0,2,0,0,5,9,0
聖路易紅雀,0,1,0,0,0,1,0,0,0,2,5,1
紐約洋基,0,0,0,0,0,3,0,7,0,10,15,1
科羅拉多落磯山,0,1,0,3,2,3,3,1,x,13,15,2
芝加哥小熊,0,0,2,1,0,0,0,0,1,4,7,0
華盛頓國民,0,0,1,0,0,0,1,1,0,3,5,0
辛辛那提紅人,3,0,0,0,0,0,0,0,0,3,3,0
亞特蘭大勇士,0,0,0,1,0,0,0,0,0,1,5,2
匹茲堡海盜,0,0,0,0,0,2,0,2,0,4,7,0
紐約大都會,0,0,0,0,0,0,0,0,0,0,3,2
洛杉磯道奇,0,0,0,0,3,2,2,0,0,7,9,1
亞歷桑那響尾蛇,1,0,1,0,1,1,0,0,0,4,9,0
邁阿密馬林魚,5,0,0,0,0,0,0,0,0,5,6,0
聖地牙哥教士,0,1,0,1,0,0,0,0,0,2,7,0
密爾瓦基釀酒人,0,0,0,0,1,1,0,0,0,2,4,0
舊金山巨人,0,0,1,0,1,0,1,0,x,3,12,0
巴爾的摩金鶯,0,0,0,0,0,0,2,2,0,4,8,0
波士頓紅襪,0,1,5,0,0,0,0,0,x,6,13,1
西雅圖水手,0,0,0,0,0,0,0,0,0,2,8,2
坦帕灣光芒,0,1,0,0,0,0,0,0,1,3,8,0
底特律老虎,0,0,3,0,0,0,0,0,0,3,8,0
芝加哥白襪,1,0,0,1,1,0,1,1,x,5,9,0
克里夫蘭印地安人,0,0,0,0,2,0,2,0,0,4,5,3
堪薩斯皇家,2,0,0,0,4,3,0,0,x,9,10,2
明尼蘇達雙城,0,0,0,0,1,0,0,1,0,2,5,1
洛杉磯天使,0,0,0,2,5,3,0,0,x,10,12,0
德州遊騎兵,0,0,0,0,0,5,1,1,0,7,10,2
奧克蘭運動家,0,0,3,2,0,0,0,0,0,5,7,0
紐約洋基,0,0,0,2,0,1,0,0,0,3,7,0
科羅拉多落磯山,0,0,1,0,4,0,0,1,x,6,13,1
多倫多藍鳥,0,1,0,3,0,0,0,3,0,7,9,0
費城費城人,0,1,0,1,0,0,0,0,0,2,6,0
休士頓太空人,0,0,0,0,0,0,0,2,2,4,9,0
聖路易紅雀,0,0,0,0,0,0,1,0,0,1,8,0
邁阿密馬林魚,1,0,0,2,0,0,0,0,0,3,9,0
聖地牙哥教士,0,1,0,1,3,1,0,0,x,6,13,0
洛杉磯道奇,0,0,0,0,0,3,0,0,0,3,7,2
亞歷桑那響尾蛇,0,1,0,0,0,1,0,0,0,2,5,0
密爾瓦基釀酒人,0,0,0,0,1,0,0,0,0,1,8,4
舊金山巨人,0,0,4,4,0,0,0,2,x,10,16,0
芝加哥小熊,0,0,0,0,0,2,0,0,1,4,11,0
華盛頓國民,0,0,0,0,1,1,0,0,2,5,9,0
辛辛那提紅人,0,3,0,0,0,0,0,0,2,8,11,2
亞特蘭大勇士,1,1,0,0,0,0,0,0,3,9,19,3
匹茲堡海盜,0,0,0,0,0,0,0,0,2,2,5,0
紐約大都會,3,0,1,0,3,3,0,1,x,11,19,1
西雅圖水手,3,0,0,2,0,0,0,0,1,6,13,0
坦帕灣光芒,0,0,2,1,0,0,0,1,0,4,12,3
德州遊騎兵,0,0,0,0,0,0,2,3,0,5,9,0
奧克蘭運動家,0,0,0,0,0,0,0,0,1,1,2,1
巴爾的摩金鶯,0,0,2,1,2,0,0,0,0,5,11,0
波士頓紅襪,0,0,0,0,0,0,0,0,1,1,4,0
紐約洋基,0,0,0,0,0,1,3,0,0,4,7,1
明尼蘇達雙城,0,0,0,1,0,0,0,0,0,1,7,0
底特律老虎,0,1,0,2,0,0,3,3,1,10,13,0
堪薩斯皇家,2,1,0,0,1,0,0,0,0,4,10,0
多倫多藍鳥,3,0,1,4,0,0,1,4,0,13,17,1
費城費城人,0,0,0,0,0,0,1,1,0,2,5,4
辛辛那提紅人,1,0,1,0,0,0,0,0,0,2,8,1
亞特蘭大勇士,0,0,3,0,3,0,1,0,x,7,9,0
匹茲堡海盜,0,0,0,0,0,0,0,2,2,4,10,0
紐約大都會,1,0,4,0,1,0,0,0,x,6,11,0
密爾瓦基釀酒人,0,0,3,0,3,0,0,0,2,8,10,2
洛杉磯道奇,0,0,3,0,0,3,0,0,0,6,8,0
華盛頓國民,0,1,3,0,0,1,1,0,2,8,9,1
聖地牙哥教士,2,0,0,0,1,1,0,0,1,5,10,2
多倫多藍鳥,3,0,1,7,0,2,0,0,0,13,13,1
巴爾的摩金鶯,1,0,1,0,0,0,0,0,1,3,7,0
西雅圖水手,2,0,1,4,0,0,1,0,0,8,10,1
波士頓紅襪,0,0,0,2,0,0,2,0,0,4,11,0
芝加哥白襪,0,0,1,0,0,0,0,0,1,2,7,0
克里夫蘭印地安人,1,0,0,0,0,0,0,1,1,3,8,0
紐約洋基,4,0,3,1,0,0,0,0,0,8,14,1
明尼蘇達雙城,0,1,0,0,0,0,0,0,1,2,9,0
底特律老虎,0,0,0,0,0,0,0,0,3,3,10,0
堪薩斯皇家,0,0,0,0,0,1,4,5,x,10,14,2
洛杉磯天使,0,0,1,0,0,0,0,0,1,2,6,1
奧克蘭運動家,0,1,0,1,0,0,0,0,1,3,10,1
舊金山巨人,2,0,0,2,0,0,1,0,0,5,7,0
坦帕灣光芒,0,0,0,0,0,0,0,0,1,1,4,1
辛辛那提紅人,0,0,1,0,1,0,0,0,2,4,11,1
休士頓太空人,0,0,0,1,0,1,0,0,0,2,8,0
德州遊騎兵,0,0,0,0,1,0,0,0,0,1,6,0
聖路易紅雀,0,0,0,0,0,0,0,0,0,0,3,0
匹茲堡海盜,0,0,0,0,0,0,0,0,0,0,3,0
芝加哥小熊,2,0,0,0,0,3,1,0,x,6,9,0
亞歷桑那響尾蛇,0,2,0,1,4,0,2,1,0,10,16,0
費城費城人,2,0,0,0,0,0,0,0,0,2,7,3
亞特蘭大勇士,0,0,2,1,1,0,0,1,0,5,11,0
紐約大都會,1,0,0,0,0,0,0,0,0,1,6,1
科羅拉多落磯山,0,0,0,0,0,1,0,0,0,1,1,0
邁阿密馬林魚,0,0,0,0,0,2,3,0,x,5,9,0
密爾瓦基釀酒人,0,0,0,0,2,0,0,0,0,2,12,1
洛杉磯道奇,0,0,0,0,0,0,1,0,1,3,8,0
華盛頓國民,0,1,4,0,0,1,1,0,0,7,11,0
聖地牙哥教士,1,0,0,0,1,1,2,0,0,5,9,0
紐約洋基,0,0,0,0,0,0,2,2,3,7,12,1
明尼蘇達雙城,0,1,0,2,0,1,0,0,2,6,9,0
多倫多藍鳥,0,0,1,1,0,0,0,0,0,2,7,0
巴爾的摩金鶯,2,0,1,0,0,0,0,1,x,4,9,1
西雅圖水手,1,1,0,0,0,0,0,0,0,2,9,1
波士頓紅襪,0,0,0,1,3,1,0,1,x,6,12,0
洛杉磯天使,0,0,0,2,0,5,0,0,0,7,13,0
奧克蘭運動家,0,0,1,0,0,0,0,0,0,1,5,2
芝加哥白襪,0,0,0,0,0,2,0,0,0,2,7,1
克里夫蘭印地安人,5,3,0,2,0,3,0,0,x,13,15,0
底特律老虎,2,0,0,0,0,0,3,0,0,5,10,1
堪薩斯皇家,0,4,0,3,0,1,3,5,x,16,21,1
辛辛那提紅人,0,0,1,1,0,0,2,0,0,4,9,0
休士頓太空人,0,0,0,0,2,0,0,0,1,5,13,0
舊金山巨人,0,1,0,0,1,0,0,1,3,6,11,2
坦帕灣光芒,1,0,1,1,0,0,0,0,1,4,8,0
德州遊騎兵,0,0,0,0,0,0,0,2,2,4,9,1
聖路易紅雀,0,1,0,0,2,0,0,0,0,3,7,1
亞歷桑那響尾蛇,0,0,0,0,3,0,1,0,0,4,11,0
費城費城人,1,0,0,0,0,0,0,0,0,1,4,1
科羅拉多落磯山,0,0,6,0,0,0,0,0,0,6,8,0
邁阿密馬林魚,1,2,2,0,4,0,0,0,x,9,17,0
匹茲堡海盜,1,0,1,1,0,0,0,0,0,3,8,0
芝加哥小熊,0,1,0,1,1,1,0,0,x,4,6,0
亞特蘭大勇士,0,0,0,0,1,1,1,1,0,4,7,1
紐約大都會,0,0,1,2,0,0,0,0,0,3,7,0
密爾瓦基釀酒人,1,2,2,0,0,0,1,0,0,6,11,0
洛杉磯道奇,1,1,6,0,0,2,0,0,x,10,14,0
華盛頓國民,1,0,0,0,0,0,1,1,0,3,8,1
聖地牙哥教士,1,0,0,0,0,0,0,6,x,7,9,1
芝加哥白襪,0,0,1,0,0,0,0,0,0,2,6,0
克里夫蘭印地安人,0,0,1,0,0,0,0,0,1,3,12,1
多倫多藍鳥,0,4,0,0,0,0,2,0,0,6,7,0
巴爾的摩金鶯,3,1,0,3,1,0,3,0,x,11,19,1
西雅圖水手,0,0,0,1,0,0,0,0,0,1,8,0
波士頓紅襪,0,0,0,0,0,1,1,0,x,2,11,0
紐約洋基,0,1,0,1,0,0,0,1,1,4,7,0
明尼蘇達雙城,0,0,0,0,1,4,1,1,x,7,11,2
底特律老虎,0,0,0,0,0,0,0,0,0,1,5,1
堪薩斯皇家,1,0,0,0,0,0,0,0,1,2,7,0
洛杉磯天使,1,0,0,0,1,0,0,0,0,2,7,0
奧克蘭運動家,0,0,0,0,0,0,0,0,0,0,3,0
舊金山巨人,0,0,0,1,0,0,0,4,0,5,9,3
坦帕灣光芒,1,0,0,0,0,0,0,0,0,1,7,0
辛辛那提紅人,0,0,0,0,0,0,0,0,0,0,5,0
休士頓太空人,0,2,0,0,2,0,1,1,x,6,8,0
德州遊騎兵,1,0,0,1,0,1,0,2,0,5,10,1
聖路易紅雀,0,1,1,0,0,2,0,0,0,4,10,1
亞特蘭大勇士,0,0,2,0,0,1,2,1,0,6,11,0
紐約大都會,0,0,0,0,0,0,0,0,0,0,1,0
科羅拉多落磯山,0,0,0,0,0,0,0,0,0,0,2,1
邁阿密馬林魚,0,0,0,0,0,3,0,0,x,3,8,0
亞歷桑那響尾蛇,0,0,1,0,0,1,1,0,2,5,10,1
費城費城人,0,0,0,0,0,1,0,0,0,1,3,1
密爾瓦基釀酒人,1,0,0,0,0,0,0,0,0,1,6,1
洛杉磯道奇,0,0,0,0,0,0,0,1,1,2,8,0
華盛頓國民,1,0,0,0,2,0,0,0,0,3,7,1
聖地牙哥教士,1,0,0,2,2,1,0,0,x,6,10,0
匹茲堡海盜,0,0,0,1,0,0,3,0,1,5,13,0
芝加哥小熊,1,1,2,0,0,2,4,0,x,10,14,1
芝加哥白襪,1,0,0,0,0,0,0,0,2,3,7,1
波士頓紅襪,0,0,0,0,0,1,0,0,0,1,5,2
坦帕灣光芒,2,0,0,0,1,1,0,0,0,4,5,0
克里夫蘭印地安人,0,0,0,1,1,1,1,3,x,7,11,2
西雅圖水手,0,2,0,0,1,0,0,0,0,7,19,0
底特律老虎,2,0,0,2,0,0,0,0,1,8,14,1
巴爾的摩金鶯,0,3,0,0,0,0,0,0,0,3,15,0
德州遊騎兵,0,0,1,3,0,0,0,0,x,4,9,0
洛杉磯天使,0,0,0,0,0,2,0,1,4,7,9,2
休士頓太空人,3,0,3,1,0,2,1,0,x,10,15,2
亞歷桑那響尾蛇,3,0,0,0,0,0,0,0,0,3,7,1
費城費城人,0,1,0,0,0,0,0,0,0,1,6,0
舊金山巨人,0,0,0,0,0,0,0,0,0,0,6,0
匹茲堡海盜,0,0,0,0,1,0,0,0,x,1,5,0
科羅拉多落磯山,0,3,0,0,0,1,0,0,1,5,12,1
邁阿密馬林魚,2,0,0,1,0,0,0,0,0,3,7,0
聖路易紅雀,0,2,1,0,0,0,0,0,0,3,8,0
芝加哥小熊,0,0,2,0,0,0,0,0,0,2,9,0
華盛頓國民,0,0,0,0,0,0,1,0,0,1,7,0
洛杉磯道奇,1,0,0,1,1,0,1,0,x,4,7,0
芝加哥白襪,2,0,0,1,0,0,0,0,0,3,6,0
波士頓紅襪,0,0,1,0,0,0,0,0,0,1,6,0
坦帕灣光芒,0,0,0,0,0,0,0,0,0,0,3,2
克里夫蘭印地安人,0,0,2,0,0,1,0,3,x,6,10,0
西雅圖水手,0,0,0,0,0,2,0,0,0,2,8,1
底特律老虎,0,0,0,0,0,1,1,2,x,4,11,0
洛杉磯天使,1,0,0,1,0,0,0,0,0,2,5,0
休士頓太空人,0,0,0,0,1,0,0,0,2,3,5,0
聖地牙哥教士,1,0,0,2,0,0,4,0,3,10,15,1
巴爾的摩金鶯,0,0,2,2,2,0,0,0,1,7,10,2
科羅拉多落磯山,3,1,0,1,1,2,0,0,0,8,15,2
紐約洋基,1,1,0,0,1,1,0,0,0,4,10,2
亞歷桑那響尾蛇,0,0,1,2,0,0,1,0,0,4,3,0
多倫多藍鳥,0,0,0,2,0,0,0,0,0,2,9,0
堪薩斯皇家,0,0,0,0,1,0,0,0,0,1,7,0
紐約大都會,1,0,0,1,0,0,0,0,x,2,6,1
辛辛那提紅人,3,0,0,0,3,0,2,0,0,8,11,0
德州遊騎兵,0,2,0,0,0,0,0,0,0,2,6,0
費城費城人,1,2,3,0,0,0,0,4,0,10,14,1
明尼蘇達雙城,4,0,4,0,2,1,0,3,x,14,14,1
密爾瓦基釀酒人,0,0,0,1,0,1,0,1,0,3,10,1
奧克蘭運動家,0,0,0,0,1,1,3,0,x,5,13,1
舊金山巨人,0,0,0,7,1,1,1,5,0,15,22,1
匹茲堡海盜,0,0,0,0,0,0,1,2,1,4,9,0
亞特蘭大勇士,0,0,0,0,0,0,2,0,1,3,5,0
邁阿密馬林魚,1,0,1,0,0,0,0,0,0,2,8,0
聖路易紅雀,0,1,3,0,0,0,0,0,0,4,6,0
芝加哥小熊,1,0,1,1,0,0,0,0,0,3,7,0
華盛頓國民,1,0,0,0,1,0,0,0,0,2,11,0
洛杉磯道奇,0,0,0,0,0,0,0,3,x,3,7,0
洛杉磯天使,0,0,1,0,0,0,0,0,1,2,10,0
休士頓太空人,0,0,0,0,0,1,0,2,x,3,8,0
芝加哥白襪,1,0,1,0,0,2,0,3,1,8,10,0
波士頓紅襪,0,0,4,0,0,2,0,0,0,6,13,1
坦帕灣光芒,0,0,0,0,0,0,1,0,0,1,3,0
克里夫蘭印地安人,3,0,0,1,0,0,2,0,x,6,9,1
西雅圖水手,0,0,0,0,1,0,0,0,0,1,3,0
底特律老虎,1,2,0,1,1,0,0,0,x,5,12,0
科羅拉多落磯山,0,0,2,3,3,0,0,0,0,8,9,1
紐約洋基,0,4,0,0,0,0,4,0,1,9,10,1
堪薩斯皇家,0,0,0,0,2,1,0,0,0,3,9,0
紐約大都會,0,0,0,1,2,1,0,0,x,4,6,0
密爾瓦基釀酒人,0,0,0,0,3,0,0,1,0,4,13,0
奧克蘭運動家,0,0,0,1,0,0,1,0,0,2,5,1
亞歷桑那響尾蛇,0,0,1,1,0,0,0,0,0,2,8,0
多倫多藍鳥,3,0,0,0,0,2,0,0,x,5,5,1
聖地牙哥教士,1,0,0,0,1,0,0,0,0,2,5,1
巴爾的摩金鶯,0,1,1,1,3,1,0,0,x,7,11,0
辛辛那提紅人,0,0,0,0,0,1,0,3,0,4,8,1
德州遊騎兵,0,0,0,4,0,0,1,1,x,6,5,0
費城費城人,0,1,1,0,3,0,0,0,0,5,9,1
明尼蘇達雙城,1,1,0,0,3,0,1,0,x,6,13,1
亞特蘭大勇士,0,0,0,0,0,0,0,0,0,0,6,0
邁阿密馬林魚,0,3,0,0,0,0,0,0,x,3,9,0
聖路易紅雀,0,0,0,0,2,5,0,0,0,7,9,0
芝加哥小熊,0,0,0,0,0,0,2,0,0,2,3,1
舊金山巨人,0,1,0,1,2,3,0,0,0,7,12,1
匹茲堡海盜,2,3,1,0,0,0,0,0,0,6,10,0
華盛頓國民,0,2,0,0,0,0,0,1,0,3,11,1
洛杉磯道奇,1,0,1,0,0,0,0,0,2,4,9,0
西雅圖水手,0,0,1,2,1,0,0,0,0,4,8,1
底特律老虎,2,0,2,0,0,0,0,0,1,5,8,1
芝加哥白襪,0,0,1,0,1,3,0,0,0,7,15,2
波士頓紅襪,0,0,0,1,4,1,1,0,1,8,12,1
奧克蘭運動家,0,4,0,0,1,0,0,0,0,5,10,0
洛杉磯天使,0,0,0,2,0,0,0,0,2,4,10,2
費城費城人,0,2,0,1,0,1,0,3,0,7,15,1
明尼蘇達雙城,1,0,0,0,1,0,0,0,1,3,8,0
舊金山巨人,0,0,4,0,0,1,0,0,0,5,9,1
匹茲堡海盜,1,0,2,0,0,0,0,0,0,3,5,0
紐約大都會,0,1,1,0,1,0,0,0,0,3,7,0
亞特蘭大勇士,0,0,0,1,0,1,0,2,x,4,12,0
聖地牙哥教士,0,1,0,1,0,4,0,0,1,7,8,2
辛辛那提紅人,0,0,4,0,0,0,0,0,0,4,7,1
芝加哥小熊,0,0,0,1,0,0,0,1,0,2,7,0
邁阿密馬林魚,0,0,0,1,0,1,0,2,x,4,7,1
亞歷桑那響尾蛇,0,0,4,2,0,0,0,0,1,7,15,1
科羅拉多落磯山,2,1,0,0,0,0,0,3,0,6,13,0
坦帕灣光芒,3,0,0,0,0,0,0,0,0,3,9,1
巴爾的摩金鶯,0,0,0,0,1,4,0,1,x,6,8,0
明尼蘇達雙城,0,0,2,1,0,0,0,0,0,3,7,3
紐約洋基,0,0,2,2,0,0,0,1,x,5,8,0
克里夫蘭印地安人,0,0,2,5,0,0,0,0,0,7,12,2
底特律老虎,0,0,0,0,3,0,0,0,2,5,9,0
波士頓紅襪,0,0,0,2,0,2,0,0,4,8,9,0
德州遊騎兵,3,1,2,1,0,0,0,0,0,7,16,0
多倫多藍鳥,0,1,0,0,0,1,0,0,0,2,8,0
芝加哥白襪,0,0,0,1,1,0,1,0,x,3,11,0
休士頓太空人,9,3,0,0,0,0,0,1,0,13,14,1
堪薩斯皇家,0,1,0,1,1,0,1,0,0,4,10,3
奧克蘭運動家,1,0,1,0,2,0,0,3,0,7,14,3
洛杉磯天使,2,1,0,1,0,0,0,0,0,4,11,1
聖路易紅雀,0,0,0,0,0,0,0,3,0,3,4,0
西雅圖水手,0,0,0,0,0,1,0,0,3,4,6,1
洛杉磯道奇,0,0,2,0,2,2,0,0,0,6,13,0
匹茲堡海盜,0,4,1,0,2,0,1,0,x,8,12,0
聖地牙哥教士,1,1,1,1,1,1,2,5,0,13,15,1
辛辛那提紅人,0,0,4,0,0,0,0,0,0,4,5,0
芝加哥小熊,4,0,0,0,0,0,1,0,0,5,8,2
邁阿密馬林魚,4,0,0,0,0,0,0,0,0,4,2,0
紐約大都會,0,2,0,3,3,0,0,0,0,8,8,0
亞特蘭大勇士,0,0,0,0,6,0,0,0,0,6,11,0
華盛頓國民,0,0,3,0,0,0,0,0,0,3,9,0
密爾瓦基釀酒人,2,0,0,0,1,2,0,0,x,5,5,1
亞歷桑那響尾蛇,1,1,0,0,0,0,6,0,2,10,16,4
科羅拉多落磯山,0,0,1,0,0,2,2,4,0,9,14,1
費城費城人,0,0,0,1,1,0,0,2,0,4,10,2
舊金山巨人,1,0,0,0,0,0,4,0,x,5,9,0
明尼蘇達雙城,0,1,0,0,0,0,0,0,0,1,3,2
紐約洋基,0,0,0,0,1,0,0,1,x,2,10,0
坦帕灣光芒,0,0,0,0,0,0,0,0,0,0,4,0
巴爾的摩金鶯,0,2,0,0,0,1,2,0,x,5,11,1
多倫多藍鳥,3,2,0,3,0,0,0,0,2,10,13,1
芝加哥白襪,0,3,0,1,0,1,1,1,1,8,12,1
克里夫蘭印地安人,2,1,1,0,0,0,0,1,1,6,8,0
底特律老虎,0,0,0,0,0,0,0,0,0,0,4,0
坦帕灣光芒,1,1,2,0,2,0,0,0,0,6,14,1
巴爾的摩金鶯,0,0,1,2,1,1,2,1,x,8,14,0
休士頓太空人,0,7,0,2,0,1,0,0,3,13,16,1
堪薩斯皇家,0,0,1,1,1,2,0,0,0,5,15,0
波士頓紅襪,0,1,0,0,1,1,0,0,0,3,7,2
德州遊騎兵,0,0,0,3,5,0,2,0,x,10,11,0
奧克蘭運動家,2,0,1,0,1,3,0,0,0,7,12,0
洛杉磯天使,2,0,0,0,1,0,0,0,0,3,13,0
聖路易紅雀,0,0,1,0,3,0,0,0,0,4,8,1
西雅圖水手,3,2,0,0,0,0,0,0,x,5,10,1
華盛頓國民,0,1,0,2,0,1,1,0,0,5,10,0
密爾瓦基釀酒人,3,1,2,0,0,0,0,0,x,6,10,1
聖地牙哥教士,1,0,0,0,1,0,1,0,0,3,5,0
辛辛那提紅人,0,0,0,0,0,0,0,0,0,0,4,1
亞歷桑那響尾蛇,1,0,0,0,0,0,2,3,0,6,10,1
科羅拉多落磯山,1,0,0,3,1,2,0,4,x,11,15,1
芝加哥小熊,0,1,3,0,0,0,0,1,1,6,8,2
邁阿密馬林魚,1,0,0,2,4,0,2,0,x,9,10,0
紐約大都會,0,0,0,0,0,0,0,0,1,1,8,0
亞特蘭大勇士,0,0,0,0,0,0,0,0,0,0,9,0
洛杉磯道奇,0,0,0,0,0,1,0,0,0,1,8,1
匹茲堡海盜,0,0,0,1,0,5,0,0,x,6,5,1
費城費城人,0,0,0,0,0,0,3,0,0,3,6,1
舊金山巨人,0,1,1,0,0,0,0,0,0,2,6,1
明尼蘇達雙城,0,0,1,0,0,4,1,0,1,7,8,0
紐約洋基,0,0,0,0,0,0,0,1,0,1,2,0
克里夫蘭印地安人,0,0,0,2,6,0,0,1,0,9,13,0
底特律老虎,0,0,1,1,0,1,0,0,0,3,6,0
坦帕灣光芒,0,1,0,1,3,0,0,0,0,5,12,0
巴爾的摩金鶯,4,1,1,0,2,0,0,4,x,12,17,0
多倫多藍鳥,0,0,0,0,0,0,0,2,0,2,5,1
芝加哥白襪,0,0,2,0,2,0,0,1,x,5,8,0
休士頓太空人,0,0,0,0,0,1,0,0,0,1,4,0
堪薩斯皇家,0,0,0,1,0,0,5,0,x,6,13,0
波士頓紅襪,0,0,0,0,0,1,0,1,0,2,8,1
德州遊騎兵,3,0,0,0,0,2,1,0,x,6,10,0
奧克蘭運動家,0,1,0,5,0,0,0,0,0,6,9,0
洛杉磯天使,2,0,0,0,0,0,2,2,1,7,13,0
聖路易紅雀,1,0,0,0,4,1,2,1,2,11,17,0
西雅圖水手,1,1,1,0,0,3,0,0,0,6,12,1
聖地牙哥教士,0,0,0,0,0,0,0,0,0,0,5,0
辛辛那提紅人,0,1,0,1,0,1,0,0,x,3,9,0
芝加哥小熊,0,0,1,0,0,0,0,0,0,1,5,1
邁阿密馬林魚,0,1,0,0,0,1,1,3,x,6,9,0
紐約大都會,0,0,0,0,0,0,0,0,2,2,7,1
亞特蘭大勇士,1,0,0,0,0,0,0,4,x,5,10,1
華盛頓國民,0,0,0,0,0,0,1,2,0,3,4,0
密爾瓦基釀酒人,0,0,0,0,0,0,0,1,1,2,11,1
費城費城人,1,0,0,2,2,0,1,1,0,7,12,1
舊金山巨人,1,0,4,0,0,1,1,0,1,8,16,0
亞歷桑那響尾蛇,2,1,0,2,0,2,0,0,0,7,15,1
科羅拉多落磯山,0,0,1,1,4,0,1,0,2,9,11,0
洛杉磯道奇,0,0,2,0,1,0,0,0,0,3,4,0
匹茲堡海盜,0,4,0,0,0,0,0,0,x,4,9,0
德州遊騎兵,1,0,1,2,0,0,0,1,4,9,9,0
紐約洋基,0,2,1,0,2,0,1,0,0,6,16,1
波士頓紅襪,0,0,0,2,1,1,0,2,1,7,12,2
坦帕灣光芒,5,0,4,0,1,0,2,1,x,13,18,0
休士頓太空人,0,0,0,0,0,0,2,0,2,4,11,0
洛杉磯天使,0,0,0,1,0,1,0,0,0,2,9,1
克里夫蘭印地安人,1,0,0,3,0,0,1,2,1,8,14,0
亞特蘭大勇士,0,0,1,1,0,0,0,0,1,3,8,2
聖路易紅雀,2,0,0,0,0,0,0,0,0,2,6,1
堪薩斯皇家,2,4,0,0,0,0,0,0,x,6,12,0
多倫多藍鳥,1,0,0,0,0,3,0,0,1,5,6,0
科羅拉多落磯山,0,0,0,0,0,3,6,0,x,9,10,0
奧克蘭運動家,0,5,0,0,0,1,2,0,0,8,12,0
舊金山巨人,0,0,0,0,0,0,0,2,1,3,7,0
洛杉磯道奇,0,0,1,0,4,0,0,0,0,5,7,0
匹茲堡海盜,4,0,0,0,0,0,0,0,0,4,5,1
紐約大都會,1,1,2,0,0,0,0,0,0,4,14,0
華盛頓國民,0,0,5,1,4,1,0,0,x,11,17,0
芝加哥小熊,2,0,1,4,1,0,0,2,1,11,17,1
辛辛那提紅人,2,0,1,0,2,1,1,0,1,8,8,1
費城費城人,0,0,0,0,0,2,6,0,0,8,16,1
亞歷桑那響尾蛇,0,0,0,0,0,0,0,0,0,0,7,0
德州遊騎兵,2,0,0,0,0,0,0,5,0,7,11,0
紐約洋基,0,0,0,0,0,0,0,1,0,1,8,0
波士頓紅襪,0,1,1,0,1,0,3,0,2,8,11,0
坦帕灣光芒,0,0,0,1,0,0,1,0,0,2,6,0
明尼蘇達雙城,0,1,0,0,0,3,0,0,0,4,7,1
芝加哥白襪,0,0,0,0,0,0,0,0,0,0,6,0
休士頓太空人,3,0,0,1,1,0,1,1,0,7,12,1
洛杉磯天使,0,0,1,0,0,0,0,0,0,1,8,1
邁阿密馬林魚,0,2,0,0,1,1,0,1,0,5,16,0
底特律老虎,0,0,0,0,7,0,0,0,x,7,9,3
克里夫蘭印地安人,2,0,0,0,0,0,0,0,3,5,9,0
亞特蘭大勇士,0,0,0,0,0,2,0,0,1,3,5,1
聖路易紅雀,0,3,0,0,2,3,0,0,0,8,9,1
堪薩斯皇家,0,2,0,0,0,2,0,0,0,4,11,1
多倫多藍鳥,0,0,1,6,1,3,1,1,1,14,18,1
科羅拉多落磯山,1,0,3,1,0,0,4,0,0,9,14,4
匹茲堡海盜,0,0,0,0,0,0,2,0,0,2,7,1
西雅圖水手,0,0,1,1,3,0,0,0,x,5,12,1
巴爾的摩金鶯,1,0,0,1,2,7,0,0,0,11,17,1
聖地牙哥教士,1,0,0,0,0,0,3,0,3,7,8,1
奧克蘭運動家,0,0,0,1,0,4,0,5,3,13,12,0
舊金山巨人,0,0,2,2,0,4,0,1,2,11,18,1
紐約大都會,0,0,0,0,0,0,0,0,0,0,5,0
華盛頓國民,0,1,0,0,2,0,2,0,x,5,7,0
芝加哥小熊,0,0,0,0,0,0,0,0,5,7,9,1
辛辛那提紅人,0,1,1,0,0,0,0,0,0,2,8,1
洛杉磯道奇,0,2,0,3,1,0,0,0,0,6,12,1
密爾瓦基釀酒人,0,0,2,0,0,0,0,3,0,5,4,2
費城費城人,0,1,0,0,1,0,0,0,2,4,11,0
亞歷桑那響尾蛇,0,1,0,0,0,1,1,0,0,3,10,0
波士頓紅襪,0,0,0,0,0,0,0,0,0,0,5,0
坦帕灣光芒,0,1,3,0,0,0,0,0,x,4,9,1
休士頓太空人,1,0,2,0,2,1,1,0,3,10,12,1
洛杉磯天使,0,2,0,0,1,0,0,1,0,4,11,2
德州遊騎兵,0,1,4,0,0,1,0,1,0,7,9,1
紐約洋基,0,1,0,0,0,1,0,1,6,9,10,2
明尼蘇達雙城,1,0,0,0,0,0,0,0,5,6,11,1
芝加哥白襪,0,2,0,0,1,5,1,0,x,9,13,1
邁阿密馬林魚,0,2,0,0,0,0,1,0,0,3,14,0
底特律老虎,4,1,0,1,2,0,0,2,x,10,15,0
多倫多藍鳥,0,1,2,0,0,0,1,0,1,5,11,0
科羅拉多落磯山,0,0,0,1,0,0,0,0,2,3,9,1
巴爾的摩金鶯,0,0,0,4,2,1,0,0,5,12,12,0
聖地牙哥教士,0,0,0,0,0,3,0,0,3,6,8,1
克里夫蘭印地安人,0,0,0,0,2,1,0,0,0,3,8,0
亞特蘭大勇士,0,0,0,0,0,0,0,0,0,0,7,1
堪薩斯皇家,0,0,0,0,1,0,1,0,1,3,14,0
聖路易紅雀,0,0,0,0,0,1,1,0,0,2,10,3
舊金山巨人,0,0,0,0,0,0,0,1,0,1,8,2
奧克蘭運動家,0,0,3,4,0,0,0,0,x,7,7,0
匹茲堡海盜,0,3,0,2,3,0,0,0,0,8,11,0
西雅圖水手,0,0,0,0,1,0,0,0,0,1,6,3
芝加哥小熊,3,0,2,2,0,0,2,0,0,9,12,0
辛辛那提紅人,0,0,0,2,0,0,0,0,0,2,9,0
費城費城人,0,0,0,1,0,1,4,0,1,9,17,2
亞歷桑那響尾蛇,1,0,0,0,0,3,1,0,0,8,15,1
紐約大都會,0,0,0,0,0,0,0,0,2,2,6,1
華盛頓國民,0,1,1,0,0,0,0,2,x,4,5,0
洛杉磯道奇,0,0,0,0,0,0,0,0,0,0,2,1
密爾瓦基釀酒人,0,5,0,0,0,0,2,0,x,7,12,0
德州遊騎兵,1,0,0,0,0,0,0,0,0,1,4,0
紐約洋基,0,0,0,0,1,0,0,0,1,2,5,0
明尼蘇達雙城,0,0,0,2,0,2,1,0,0,5,8,1
芝加哥白襪,0,1,1,3,0,0,0,1,x,6,12,0
克里夫蘭印地安人,0,1,1,0,0,1,0,0,1,4,10,0
多倫多藍鳥,0,0,0,1,0,0,0,0,0,1,3,0
底特律老虎,0,0,0,0,0,2,0,0,8,10,11,1
坦帕灣光芒,1,0,4,0,0,0,0,2,0,7,14,0
巴爾的摩金鶯,0,0,0,0,0,0,1,2,0,3,8,1
西雅圖水手,1,0,0,0,3,0,1,0,x,5,9,0
堪薩斯皇家,1,1,0,0,0,1,0,1,0,4,7,0
聖路易紅雀,0,0,0,1,0,1,0,0,0,2,3,3
舊金山巨人,0,0,6,2,0,0,0,0,4,12,14,1
奧克蘭運動家,1,0,0,1,0,0,2,0,2,6,10,0
洛杉磯道奇,0,2,0,1,3,2,0,0,0,8,14,2
密爾瓦基釀酒人,1,0,0,0,0,0,0,0,0,1,4,0
辛辛那提紅人,1,0,0,0,0,3,0,0,0,4,9,0
華盛頓國民,4,0,4,5,0,0,0,0,x,13,11,0
邁阿密馬林魚,0,3,0,0,0,0,0,1,1,5,7,1
亞特蘭大勇士,0,0,2,0,0,4,1,1,x,8,14,1
芝加哥小熊,2,0,0,0,0,1,0,0,0,3,9,1
紐約大都會,0,0,0,0,0,1,3,0,x,4,6,0
克里夫蘭印地安人,0,0,0,0,0,0,0,0,1,2,15,0
多倫多藍鳥,0,0,0,0,0,0,0,0,0,1,11,2
洛杉磯天使,0,0,0,0,0,4,0,0,0,4,12,0
波士頓紅襪,1,0,0,1,3,0,0,0,x,5,16,0
底特律老虎,0,0,0,1,2,0,4,0,3,10,14,0
坦帕灣光芒,0,0,0,0,0,0,0,0,2,2,4,2
德州遊騎兵,0,0,0,0,0,2,0,0,1,3,8,0
明尼蘇達雙城,0,0,0,0,0,2,0,0,0,2,7,0
芝加哥白襪,0,0,0,0,0,0,0,0,0,0,5,1
休士頓太空人,0,0,0,1,0,0,2,2,x,5,6,0
巴爾的摩金鶯,0,1,1,0,0,0,0,0,0,2,5,0
西雅圖水手,1,0,0,0,0,2,0,2,x,5,10,1
堪薩斯皇家,0,1,0,0,0,0,0,2,0,3,8,2
費城費城人,1,0,1,0,1,1,0,0,x,4,12,0
匹茲堡海盜,0,0,1,1,2,3,0,0,0,7,8,1
奧克蘭運動家,2,1,0,0,0,0,0,0,0,3,4,0
紐約洋基,0,1,0,0,0,1,0,0,4,6,7,1
聖地牙哥教士,3,1,0,0,2,0,1,0,x,7,8,1
辛辛那提紅人,1,0,0,0,0,0,0,0,0,2,11,0
華盛頓國民,1,0,0,0,0,0,0,0,1,3,10,0
芝加哥小熊,0,0,0,1,0,0,1,0,0,2,6,0
紐約大都會,0,2,2,3,3,0,0,0,x,10,12,0
邁阿密馬林魚,0,0,0,2,0,0,0,0,2,7,17,1
亞特蘭大勇士,0,2,0,0,0,1,0,0,0,5,11,0
密爾瓦基釀酒人,0,1,0,0,0,0,0,0,0,1,4,2
聖路易紅雀,1,0,0,5,0,1,0,0,x,7,11,2
舊金山巨人,0,1,0,2,0,2,0,1,0,6,10,1
亞歷桑那響尾蛇,3,0,1,0,0,0,0,0,0,4,9,0
科羅拉多落磯山,0,0,0,0,0,0,0,0,0,0,3,0
洛杉磯道奇,0,0,0,1,0,0,1,3,x,5,9,0
克里夫蘭印地安人,1,0,1,1,0,1,2,0,0,6,10,1
多倫多藍鳥,3,0,0,0,2,0,1,3,x,9,12,0
德州遊騎兵,0,1,0,3,0,0,1,0,0,5,10,1
明尼蘇達雙城,4,3,4,0,6,0,0,0,x,17,13,0
芝加哥白襪,0,2,0,1,2,0,0,2,0,7,13,1
休士頓太空人,1,0,3,0,0,0,0,1,1,6,7,0
底特律老虎,0,1,0,0,1,1,0,0,0,3,5,1
坦帕灣光芒,0,0,0,1,0,1,0,0,0,2,5,1
洛杉磯天使,2,1,0,1,5,0,11,1,0,21,22,1
波士頓紅襪,0,0,0,0,1,0,1,0,0,2,8,4
巴爾的摩金鶯,0,0,0,1,1,2,2,0,0,6,12,0
西雅圖水手,3,2,0,3,1,3,0,0,x,12,16,1
堪薩斯皇家,0,5,0,0,0,0,0,1,0,6,10,0
費城費城人,1,0,0,0,0,0,0,0,1,2,7,1
匹茲堡海盜,0,0,2,0,0,0,0,0,2,4,9,0
奧克蘭運動家,0,2,0,0,0,0,0,0,0,2,11,0
紐約洋基,0,0,0,0,0,1,0,0,0,1,6,0
聖地牙哥教士,0,0,0,0,0,1,0,0,1,2,7,0
密爾瓦基釀酒人,0,0,0,0,0,0,0,0,0,0,7,0
聖路易紅雀,0,0,0,3,0,0,0,0,x,3,8,0
邁阿密馬林魚,0,0,1,0,0,0,0,0,0,1,7,1
亞特蘭大勇士,2,0,0,0,0,7,0,0,x,9,9,0
辛辛那提紅人,1,0,0,0,0,0,0,0,5,9,14,1
華盛頓國民,0,1,0,0,0,0,3,0,0,4,3,2
芝加哥小熊,0,0,0,2,0,0,1,0,0,3,6,0
紐約大都會,2,0,0,2,0,0,0,0,x,4,8,1
科羅拉多落磯山,0,0,0,0,0,0,0,0,1,1,5,1
洛杉磯道奇,2,0,2,0,0,0,2,0,x,6,10,0
舊金山巨人,0,3,0,2,0,0,0,0,0,5,7,0
亞歷桑那響尾蛇,0,0,1,2,0,0,0,3,x,6,9,1
克里夫蘭印地安人,0,0,0,0,0,0,1,0,0,1,5,2
多倫多藍鳥,3,0,0,2,0,8,0,4,x,17,18,0
底特律老虎,0,0,0,0,0,0,0,3,2,5,8,0
坦帕灣光芒,0,0,0,0,1,0,0,0,0,1,6,0
洛杉磯天使,0,0,0,0,0,3,2,0,0,5,10,1
波士頓紅襪,0,0,0,0,7,0,3,0,x,10,16,0
德州遊騎兵,1,0,0,0,1,0,2,0,0,4,8,1
明尼蘇達雙城,0,0,3,0,2,0,0,0,x,5,11,1
芝加哥白襪,0,0,2,0,0,0,0,2,0,4,9,0
休士頓太空人,1,0,0,0,0,0,0,0,0,1,3,0
巴爾的摩金鶯,0,0,0,3,0,0,1,0,0,4,12,1
西雅圖水手,0,0,4,2,0,0,3,0,x,9,10,1
堪薩斯皇家,0,0,0,0,2,0,0,0,0,2,7,0
費城費城人,3,0,1,0,1,0,0,2,x,7,11,0
匹茲堡海盜,0,0,0,0,2,2,0,2,0,6,11,0
奧克蘭運動家,0,2,0,0,1,0,0,0,0,3,10,0
紐約洋基,0,1,0,1,0,0,0,1,3,6,10,0
聖地牙哥教士,0,1,0,0,0,0,0,0,2,3,8,1
芝加哥小熊,1,0,0,0,0,0,0,0,2,3,11,0
紐約大都會,1,7,0,1,2,0,2,1,x,14,22,1
辛辛那提紅人,0,0,0,0,0,0,0,1,0,1,3,0
華盛頓國民,0,1,0,4,3,1,2,1,x,12,15,0
密爾瓦基釀酒人,0,0,0,2,0,0,2,0,4,8,16,1
聖路易紅雀,1,0,0,1,2,4,1,0,x,9,11,0
科羅拉多落磯山,0,0,0,0,0,0,1,0,0,1,4,0
洛杉磯道奇,0,3,0,0,0,0,1,0,x,4,7,0
舊金山巨人,2,2,0,0,0,0,0,0,1,5,9,1
亞歷桑那響尾蛇,0,0,0,1,0,2,0,0,0,4,9,0
邁阿密馬林魚,0,0,0,0,2,0,1,1,1,5,13,1
亞特蘭大勇士,0,0,0,0,0,0,0,0,2,2,5,0
洛杉磯天使,0,0,0,1,0,1,0,0,0,2,8,0
坦帕灣光芒,0,0,1,1,0,2,0,0,x,4,7,1
德州遊騎兵,4,0,0,0,0,0,0,1,0,5,16,0
波士頓紅襪,1,0,4,0,1,2,1,3,x,12,21,2
紐約洋基,0,2,0,0,0,0,0,0,0,2,8,3
芝加哥白襪,0,0,2,0,3,0,1,2,x,8,13,4
奧克蘭運動家,0,0,0,0,0,0,3,0,0,3,7,0
明尼蘇達雙城,0,0,0,1,0,0,0,0,0,1,4,1
西雅圖水手,0,1,0,0,0,0,0,0,0,1,5,0
休士頓太空人,1,0,0,0,1,0,0,0,x,2,8,0
堪薩斯皇家,0,0,0,0,0,0,1,0,1,2,4,0
多倫多藍鳥,1,0,0,0,0,0,5,0,x,6,6,0
底特律老虎,0,0,0,0,1,2,0,0,0,3,9,0
克里夫蘭印地安人,0,1,1,0,1,0,2,0,x,5,8,0
巴爾的摩金鶯,0,3,0,2,0,0,0,0,0,5,8,0
洛杉磯道奇,0,2,0,2,0,1,1,1,x,7,9,0
密爾瓦基釀酒人,0,0,0,0,1,0,0,0,0,1,5,1
華盛頓國民,0,0,0,0,0,0,0,0,0,0,2,1
匹茲堡海盜,0,0,0,0,0,2,1,1,0,4,11,0
聖路易紅雀,0,0,0,0,1,0,0,0,1,2,10,1
辛辛那提紅人,0,0,0,0,0,1,3,0,0,4,9,2
芝加哥小熊,3,3,0,2,0,2,0,0,x,10,12,1
亞特蘭大勇士,1,0,0,0,0,0,0,1,0,2,6,1
費城費城人,0,7,0,0,0,0,1,0,x,8,12,1
科羅拉多落磯山,0,1,0,0,0,0,0,0,0,1,6,1
舊金山巨人,0,1,2,0,0,0,0,0,x,3,5,0
邁阿密馬林魚,0,3,0,3,0,0,0,0,0,6,17,0
紐約大都會,0,0,0,1,1,2,2,2,x,8,13,2
聖地牙哥教士,0,0,0,2,0,3,0,3,0,8,9,1
亞歷桑那響尾蛇,2,0,0,0,1,0,0,1,0,4,11,0
堪薩斯皇家,0,0,0,2,0,0,0,0,1,3,7,1
多倫多藍鳥,1,0,5,1,0,0,1,0,x,8,13,0
德州遊騎兵,2,0,0,0,0,1,0,0,4,7,11,0
波士頓紅襪,0,1,0,1,0,0,0,0,0,2,11,0
底特律老虎,0,0,0,0,0,1,0,0,0,1,4,0
克里夫蘭印地安人,0,2,0,2,3,3,0,2,x,12,13,0
洛杉磯天使,0,4,0,0,0,3,0,0,6,13,16,2
坦帕灣光芒,1,0,2,0,2,0,0,0,0,5,14,1
紐約洋基,0,2,2,1,1,0,0,2,1,9,20,0
芝加哥白襪,0,0,0,0,0,0,0,0,0,0,6,2
奧克蘭運動家,0,1,0,0,0,0,0,3,0,4,8,0
明尼蘇達雙城,0,1,0,2,3,1,0,4,x,11,12,1
西雅圖水手,0,1,0,1,0,0,0,0,0,2,7,1
休士頓太空人,0,1,0,4,0,0,0,0,x,5,7,1
巴爾的摩金鶯,0,1,0,0,3,0,0,0,0,4,9,0
洛杉磯道奇,1,0,0,0,0,0,0,0,0,1,6,1
辛辛那提紅人,2,2,1,1,0,0,1,0,2,9,10,0
芝加哥小熊,0,0,4,0,1,0,0,0,0,5,7,2
密爾瓦基釀酒人,0,0,1,0,0,2,2,0,0,5,10,0
華盛頓國民,0,1,0,0,0,0,1,0,0,2,12,1
亞特蘭大勇士,0,0,0,0,0,0,1,0,0,1,6,1
費城費城人,1,0,0,2,0,2,0,0,x,5,8,0
邁阿密馬林魚,0,0,0,0,0,0,2,3,0,5,9,0
紐約大都會,0,0,0,1,0,0,0,1,0,2,4,0
匹茲堡海盜,0,0,0,0,2,3,0,0,0,5,11,1
聖路易紅雀,0,1,1,0,0,0,0,0,0,2,6,1
聖地牙哥教士,0,0,2,0,2,0,0,0,1,5,12,0
亞歷桑那響尾蛇,0,0,4,0,1,0,2,0,x,7,10,0
科羅拉多落磯山,0,0,0,0,0,0,4,3,0,7,13,1
舊金山巨人,1,0,0,0,1,0,0,1,0,3,6,0
底特律老虎,0,0,0,3,5,0,4,0,0,12,12,1
克里夫蘭印地安人,0,1,1,0,0,0,0,0,0,2,7,1
奧克蘭運動家,0,0,0,0,0,0,0,0,0,0,2,0
明尼蘇達雙城,0,0,0,0,1,0,2,1,x,4,10,1
堪薩斯皇家,0,0,0,0,0,1,0,1,0,2,4,0
多倫多藍鳥,0,0,0,1,1,0,0,2,x,4,8,0
德州遊騎兵,0,1,0,0,0,2,3,0,0,6,10,3
波士頓紅襪,2,5,2,2,0,0,0,0,x,11,10,1
洛杉磯天使,0,0,4,2,1,0,0,0,0,7,9,0
坦帕灣光芒,0,0,0,0,0,1,0,1,0,2,9,3
紐約洋基,0,0,0,0,0,0,0,0,0,0,8,0
芝加哥白襪,0,4,0,0,0,1,0,0,x,5,5,0
西雅圖水手,0,0,0,4,0,0,3,0,1,8,10,3
休士頓太空人,3,1,1,0,0,2,0,2,x,9,12,0
巴爾的摩金鶯,1,0,0,0,0,0,0,0,2,6,13,0
洛杉磯道奇,0,0,0,0,0,0,0,0,0,4,16,0
亞特蘭大勇士,0,0,1,0,0,1,0,1,0,3,7,0
費城費城人,0,0,0,0,1,1,0,2,x,4,9,2
邁阿密馬林魚,0,0,0,1,0,1,0,0,0,2,7,1
紐約大都會,0,1,2,1,0,0,0,0,x,4,6,0
辛辛那提紅人,1,0,0,0,0,0,3,1,0,5,8,0
芝加哥小熊,0,2,0,0,1,0,0,0,0,3,8,0
密爾瓦基釀酒人,0,0,4,0,0,0,0,0,0,4,8,0
華盛頓國民,3,1,1,0,2,0,0,0,x,7,10,1
匹茲堡海盜,1,0,0,0,1,2,3,0,0,7,9,0
聖路易紅雀,0,0,1,4,0,0,0,0,0,5,12,1
聖地牙哥教士,0,0,0,5,1,0,3,0,4,13,14,0
亞歷桑那響尾蛇,1,0,3,0,0,0,0,0,2,6,12,0
科羅拉多落磯山,0,0,0,1,0,0,0,0,0,1,5,0
舊金山巨人,2,0,0,0,0,1,0,2,x,5,9,0
洛杉磯天使,0,0,0,0,0,2,0,2,1,5,8,0
坦帕灣光芒,0,0,0,0,0,0,0,1,0,1,5,1
底特律老虎,0,1,0,2,0,0,1,0,0,4,8,1
多倫多藍鳥,2,0,0,0,0,0,1,2,x,5,12,0
紐約洋基,0,0,0,0,2,3,0,0,0,5,11,0
克里夫蘭印地安人,0,0,2,0,0,2,0,0,0,4,7,0
明尼蘇達雙城,2,2,0,0,0,0,0,5,1,10,18,0
德州遊騎兵,0,0,0,0,0,0,0,0,1,1,4,0
奧克蘭運動家,0,2,0,0,0,0,0,0,1,3,4,0
休士頓太空人,1,0,0,0,0,0,0,0,0,1,3,1
西雅圖水手,0,1,0,0,1,0,0,1,0,3,9,0
堪薩斯皇家,0,0,0,0,0,0,0,2,2,4,9,0
匹茲堡海盜,0,1,0,0,0,0,0,0,0,1,6,0
聖路易紅雀,0,0,0,1,1,3,0,0,x,5,6,0
華盛頓國民,1,0,0,3,2,0,1,0,0,7,12,0
紐約大都會,0,0,1,3,3,1,1,0,x,9,15,1
亞特蘭大勇士,0,0,0,0,0,0,1,0,1,4,6,0
芝加哥小熊,0,0,0,0,0,3,0,0,0,3,8,0
費城費城人,0,1,0,1,0,0,0,0,0,2,9,0
科羅拉多落磯山,1,1,3,0,1,0,5,0,x,11,14,0
聖地牙哥教士,1,1,0,1,3,0,0,0,0,6,10,0
洛杉磯道奇,0,0,0,0,0,0,0,0,0,0,2,1
洛杉磯天使,2,3,1,2,0,1,0,0,0,9,10,2
巴爾的摩金鶯,1,0,0,1,0,1,0,0,2,5,9,2
底特律老虎,0,0,0,0,0,0,0,0,0,0,7,0
多倫多藍鳥,0,0,0,0,1,0,4,1,x,6,13,0
坦帕灣光芒,0,1,1,0,2,0,0,0,1,5,10,0
波士頓紅襪,2,0,0,2,0,1,0,1,x,6,11,0
紐約洋基,0,0,0,0,0,0,1,0,1,2,7,0
克里夫蘭印地安人,4,0,2,0,2,1,1,0,x,10,9,0
明尼蘇達雙城,0,2,0,0,3,0,0,0,0,5,7,1
德州遊騎兵,2,0,0,2,0,2,0,0,x,6,10,0
奧克蘭運動家,0,0,0,3,0,0,1,0,5,9,14,0
休士頓太空人,0,0,0,2,4,0,0,1,3,10,12,0
西雅圖水手,0,0,0,0,1,2,0,0,0,3,7,0
堪薩斯皇家,0,0,0,1,0,0,0,0,1,2,6,1
亞特蘭大勇士,1,2,0,1,4,3,0,0,0,11,15,2
芝加哥白襪,1,3,0,0,2,0,1,0,1,8,13,1
芝加哥小熊,0,0,0,1,0,2,1,0,0,4,6,2
匹茲堡海盜,0,3,0,0,0,0,4,1,x,8,10,2
華盛頓國民,0,2,1,0,0,0,0,0,0,3,4,0
紐約大都會,0,0,0,0,1,0,0,0,0,1,4,1
辛辛那提紅人,0,0,0,1,0,0,0,0,0,1,6,0
邁阿密馬林魚,1,0,0,1,0,1,0,0,x,3,7,2
聖路易紅雀,0,0,2,0,0,0,0,1,0,3,8,1
密爾瓦基釀酒人,0,1,0,0,0,2,0,0,1,4,6,2
費城費城人,0,0,0,0,0,0,4,0,1,5,7,0
科羅拉多落磯山,0,0,1,0,1,0,1,0,0,3,12,2
聖地牙哥教士,1,2,0,1,2,0,0,0,0,6,14,2
洛杉磯道奇,4,0,4,1,0,0,1,0,x,10,14,1
亞歷桑那響尾蛇,2,0,0,0,0,0,0,0,0,2,7,1
舊金山巨人,0,2,2,0,1,0,0,1,x,6,8,0
底特律老虎,0,1,0,1,0,0,0,1,0,3,7,2
多倫多藍鳥,0,0,0,0,1,0,1,0,0,2,6,1
洛杉磯天使,0,0,0,0,0,2,0,0,0,2,8,0
巴爾的摩金鶯,0,1,0,0,0,0,1,1,x,3,10,0
坦帕灣光芒,1,0,0,0,0,0,0,0,0,1,7,1
波士頓紅襪,0,0,0,2,2,0,0,0,x,4,8,1
紐約洋基,3,0,0,3,0,0,0,0,1,7,14,0
克里夫蘭印地安人,3,0,1,0,1,0,0,0,0,6,11,2
奧克蘭運動家,0,1,2,0,0,0,0,0,0,3,10,0
休士頓太空人,0,0,0,0,0,0,0,0,2,2,6,0
西雅圖水手,0,0,0,3,0,0,0,0,0,3,8,0
堪薩斯皇家,0,3,0,0,0,1,1,0,x,5,12,0
明尼蘇達雙城,0,2,0,3,1,0,2,0,0,8,12,1
德州遊騎兵,0,1,2,0,0,1,0,1,1,6,13,1
亞特蘭大勇士,1,0,0,2,0,1,0,0,0,4,8,2
芝加哥白襪,0,2,3,0,0,0,0,0,x,5,11,0
聖路易紅雀,0,1,1,0,0,0,0,1,5,8,10,0
密爾瓦基釀酒人,0,0,1,0,0,0,0,0,0,1,4,0
亞歷桑那響尾蛇,0,0,0,2,0,0,0,0,0,2,8,0
舊金山巨人,0,0,1,2,0,1,0,0,x,4,8,1
辛辛那提紅人,0,1,0,1,0,0,0,0,0,2,8,0
邁阿密馬林魚,1,0,0,0,2,0,0,1,x,4,8,0
聖地牙哥教士,2,0,0,0,1,0,0,0,0,3,3,2
洛杉磯道奇,1,0,0,2,1,0,0,0,x,4,9,0
華盛頓國民,0,1,2,0,1,0,2,0,0,6,7,1
紐約大都會,1,0,0,0,0,0,0,0,0,1,4,0
芝加哥小熊,2,0,2,1,0,1,0,0,0,6,14,1
匹茲堡海盜,0,3,2,2,5,0,0,0,x,12,9,0
費城費城人,0,1,0,1,0,0,0,1,0,3,13,0
科羅拉多落磯山,0,0,0,0,2,6,0,0,x,8,10,1
底特律老虎,0,0,0,0,1,0,0,0,0,1,6,0
多倫多藍鳥,0,2,0,3,0,0,0,1,x,6,14,0
紐約洋基,0,4,0,1,6,0,0,0,0,11,13,1
克里夫蘭印地安人,0,1,0,0,6,0,0,0,0,7,11,3
洛杉磯天使,1,0,0,0,0,0,0,1,0,2,5,1
巴爾的摩金鶯,0,0,0,2,0,1,0,1,x,4,12,1
坦帕灣光芒,0,0,0,0,0,0,0,0,0,0,4,0
波士頓紅襪,3,1,0,0,0,0,0,0,x,4,8,0
奧克蘭運動家,0,0,0,0,1,0,0,0,0,1,4,4
休士頓太空人,0,0,0,0,0,0,0,1,1,2,8,0
西雅圖水手,2,0,0,1,0,0,5,0,0,8,14,0
堪薩斯皇家,0,0,0,0,0,0,1,3,1,5,10,1
明尼蘇達雙城,0,0,0,1,5,0,7,2,0,15,18,1
德州遊騎兵,0,0,0,0,2,0,0,1,2,5,9,3
亞特蘭大勇士,0,1,1,0,0,0,0,0,0,2,6,0
芝加哥白襪,0,0,0,0,0,0,0,0,0,0,6,1
華盛頓國民,2,0,1,0,0,0,0,0,0,3,6,0
紐約大都會,1,0,1,0,0,0,0,0,0,2,5,0
辛辛那提紅人,1,0,0,2,0,0,0,0,0,3,9,1
邁阿密馬林魚,0,2,0,0,2,3,0,0,x,7,10,0
芝加哥小熊,2,0,1,2,0,0,0,1,0,6,15,2
匹茲堡海盜,0,3,1,0,0,0,1,0,0,5,7,0
聖路易紅雀,0,1,0,0,1,1,0,0,2,5,12,0
密爾瓦基釀酒人,1,0,0,0,0,0,0,0,0,1,6,1
聖地牙哥教士,0,0,0,0,1,0,0,0,0,1,3,0
洛杉磯道奇,1,1,0,0,1,0,0,0,x,3,10,0
費城費城人,0,0,3,0,1,0,2,4,0,10,13,1
科羅拉多落磯山,0,1,0,0,0,1,0,1,0,3,10,0
亞歷桑那響尾蛇,0,0,0,0,0,0,0,0,0,0,1,0
舊金山巨人,2,0,0,0,0,0,2,0,x,4,11,1
team,1,0,0,1,0,0,0,0,0,2,10,1
team,0,3,1,0,0,0,0,0,x,4,8,1
波士頓紅襪,0,0,1,0,2,2,0,0,0,5,8,0
紐約洋基,0,0,0,0,0,3,0,0,0,3,4,0
堪薩斯皇家,0,0,0,0,0,2,0,0,0,2,5,2
底特律老虎,1,0,0,0,0,0,3,0,x,4,8,1
巴爾的摩金鶯,0,0,1,0,1,1,0,1,0,4,7,0
坦帕灣光芒,1,1,1,0,0,0,0,0,0,3,9,0
克里夫蘭印地安人,0,0,0,2,0,2,0,1,0,5,8,0
明尼蘇達雙城,1,0,0,1,0,0,0,0,0,2,4,1
芝加哥白襪,0,0,0,0,0,0,0,0,0,0,5,2
洛杉磯天使,0,0,2,0,0,0,5,0,x,7,9,0
多倫多藍鳥,0,1,2,4,0,0,0,0,0,7,7,0
奧克蘭運動家,2,0,1,1,3,0,1,0,x,8,12,1
休士頓太空人,1,0,0,0,5,0,1,0,0,7,11,0
西雅圖水手,0,0,0,0,3,0,0,0,0,3,8,0
德州遊騎兵,0,0,0,0,0,0,0,0,0,0,5,2
芝加哥小熊,0,1,0,0,0,5,0,0,x,6,7,0
匹茲堡海盜,0,0,0,0,1,0,0,0,0,1,4,1
華盛頓國民,0,0,0,0,1,0,4,0,x,5,7,0
紐約大都會,0,0,1,0,0,3,1,0,0,5,9,1
費城費城人,0,0,0,0,0,3,0,0,0,3,5,0
密爾瓦基釀酒人,1,0,0,0,1,1,0,0,1,4,9,1
辛辛那提紅人,0,0,0,1,0,3,1,0,x,5,9,1
科羅拉多落磯山,1,0,4,2,0,0,0,0,4,11,10,0
亞特蘭大勇士,0,0,0,0,1,1,0,0,0,2,9,2
邁阿密馬林魚,0,0,0,1,0,1,3,1,1,7,13,0
聖路易紅雀,0,0,0,4,0,0,2,0,0,6,10,1
洛杉磯道奇,1,0,1,5,1,4,0,0,1,13,18,0
亞歷桑那響尾蛇,0,0,3,0,1,0,3,0,0,7,12,2
舊金山巨人,0,1,0,0,0,0,0,0,0,1,5,1
聖地牙哥教士,1,0,1,1,1,0,0,0,x,4,7,0
波士頓紅襪,0,0,1,1,0,3,0,0,0,5,10,0
紐約洋基,0,0,1,0,0,0,0,1,0,2,5,2
多倫多藍鳥,0,2,1,0,0,0,0,0,1,4,7,0
奧克蘭運動家,0,4,0,0,0,1,0,0,x,5,6,1
休士頓太空人,0,0,0,0,0,0,0,0,0,0,4,0
西雅圖水手,0,0,0,0,0,1,0,0,x,1,5,0
巴爾的摩金鶯,0,2,0,0,0,0,0,0,0,2,7,0
坦帕灣光芒,0,0,0,1,0,0,0,0,0,1,4,0
堪薩斯皇家,4,1,0,0,3,0,0,0,0,8,11,0
底特律老虎,1,0,2,0,0,0,1,0,0,4,7,0
克里夫蘭印地安人,0,0,2,0,1,0,0,0,0,4,9,3
明尼蘇達雙城,1,0,0,1,2,0,0,0,1,5,10,2
芝加哥白襪,0,0,0,0,0,0,0,0,0,0,6,1
洛杉磯天使,1,0,0,0,0,0,0,0,x,1,2,0
德州遊騎兵,0,1,0,0,0,0,0,0,0,1,3,1
芝加哥小熊,0,0,2,0,0,1,0,0,x,3,4,0
匹茲堡海盜,0,0,0,0,0,0,0,0,0,0,6,1
華盛頓國民,1,1,0,3,1,0,0,0,x,6,10,0
紐約大都會,0,0,1,1,0,0,0,0,0,2,6,1
費城費城人,0,1,0,0,1,0,1,1,x,4,10,0
科羅拉多落磯山,0,0,0,0,0,0,0,3,1,4,8,0
亞特蘭大勇士,0,2,0,0,0,0,1,0,0,3,7,2
密爾瓦基釀酒人,4,0,5,0,0,0,0,0,0,9,12,0
辛辛那提紅人,0,0,0,0,0,0,0,1,0,1,9,0
邁阿密馬林魚,0,0,0,0,0,0,0,0,0,0,3,0
聖路易紅雀,0,0,4,0,1,0,0,0,x,5,8,0
洛杉磯道奇,0,0,0,0,0,0,0,0,0,1,10,0
亞歷桑那響尾蛇,0,0,0,0,0,1,0,0,1,2,8,0
舊金山巨人,0,2,0,1,2,0,0,0,1,6,14,2
聖地牙哥教士,1,2,0,0,0,0,0,0,2,7,10,0
